Time (sec),S1 (uV),M1 (uV)
0.0,-0.2845541210673552,-4.229661973841497
0.001,-2.0045569537612242,3.5654118145630087
0.002,-6.181982216312367,2.9910605622599094
0.003,-1.3771486349956616,-1.5858585220434096
0.004,2.637917252989267,-2.2374384368361295
0.005,1.2031304428405891,-1.6687354291892649
0.006,-3.140173164899518,1.583521019146985
0.007,1.1343450656867813,6.1581335975865565
0.008,3.651371275495992,3.6345713767547845
0.009000000000000001,-4.080527098868342,-0.32352971321614105
0.01,3.8548725423469135,-1.3056345270306504
0.011,-1.588164315474337,-1.821608991390746
0.012,-0.4127288011886519,3.27583830211136
0.013000000000000001,0.27479513679160317,1.7578622290403496
0.014,0.4080247457620843,2.522296339849117
0.015,0.1554433955130558,-1.4112940799928704
0.016,-2.2967829187739706,1.0139858256181686
0.017,-4.744868496382056,-1.8269144304679379
0.018000000000000002,-4.246410641704001,-0.3421287729325625
0.019,0.45956011244200756,0.1445040153499939
0.02,2.875512527398452,4.273489987081994
0.021,0.32068603137330115,1.0517982520245126
0.022,2.8551200644593946,0.6857934494352996
0.023,3.1785318083299376,1.0093663961767898
0.024,-3.814453180637779,3.5919571899006506
0.025,-1.3244813449627233,2.733238304148801
0.026000000000000002,1.9460298803481095,-4.760696655996661
0.027,-1.7525254299372692,-1.283955546272119
0.028,-3.265154785926868,0.3029795182968226
0.029,-1.139430901939044,-0.4723781438216664
0.03,0.03081439007419456,-2.983854818288635
0.031,0.308127844443552,2.4889214444145398
0.032,2.26974843974743,0.16601207300551415
0.033,-2.6950885755153076,-3.904296326710819
0.034,-2.7860344629381326,-3.1956595286565324
0.035,2.0051903630659833,-0.9287421669108853
0.036000000000000004,-2.321555831516793,4.034127749818833
0.037,2.15914796963269,2.8722913625704787
0.038,3.095911336233281,-1.5737291629591672
0.039,-3.4503866297797656,-3.9908088995170643
0.04,2.678822410473553,0.5396600712135052
0.041,-0.22492850027888955,-0.32119976536094375
0.042,-4.058093599533737,-0.9001040522640483
0.043000000000000003,4.325552644363697,-0.9598068429576643
0.044,-2.0342864761766504,1.8116170529104474
0.045,4.781250322369559,-1.072594911355191
0.046,-1.5923739904226162,0.6480240911274334
0.047,-0.8780588804910542,1.4229968041014898
0.048,2.621351808908439,0.09532469397063428
0.049,0.01931050060800825,1.6734250918841431
0.05,-3.8540286363778864,0.9515361629770733
0.051000000000000004,0.5699905716526968,3.32523223723945
0.052000000000000005,-2.724930500803181,3.501324734095294
0.053,0.9119058108790721,-5.7858874563603795
0.054,0.7193656247767491,1.0177942831411535
0.055,1.5123510104986237,-0.6304083495255388
0.056,-0.5142479710746128,1.3834133445057213
0.057,-1.6871595858324955,4.989232249058344
0.058,-1.320660316148238,0.8600863067212504
0.059000000000000004,2.975332541805134,-2.052357596628009
0.06,-2.6796294995587897,-2.2682389594525834
0.061,0.9352721436882367,1.1143591287368284
0.062,0.006048536730283948,0.018396114126658453
0.063,-0.19894338176323248,1.5753527873449062
0.064,-1.2701243108794225,-1.992136906648321
0.065,3.3553397083220857,3.645721240647458
0.066,-0.5243658040054074,-0.6407469401865089
0.067,-0.598373888626061,-2.4435895951608497
0.068,-4.352772058400334,0.8489436808773891
0.069,-1.5817933901797097,-3.8865482734384993
0.07,-0.3524208412562627,-2.188013692425351
0.07100000000000001,-4.683139272988799,0.6605309871882689
0.07200000000000001,1.1963763879233016,0.7717457063775494
0.073,-2.791451033997796,1.7152530565138762
0.074,1.798850719744556,4.83054632175221
0.075,-2.2100205728774647,-0.5547101086722399
0.076,0.6622207098729432,-5.237758899018073
0.077,-2.797295186860957,-2.222854750056989
0.078,-1.7328654209233054,-2.0456684504204525
0.079,2.0970793397363843,-0.8403821454163061
0.08,4.023484127114055,0.31553070270024675
0.081,1.3122221640634069,0.5994340298472912
0.082,1.1225225096267077,1.2531286745568253
0.083,-1.2319908130819075,-0.10660359838841008
0.084,2.610495763174671,2.952551964591186
0.085,-3.8866452143905725,-4.558429819798251
0.08600000000000001,5.069057233294685,1.1419272306178927
0.08700000000000001,-0.5401312301790584,1.2071495685565314
0.088,-1.097202875997795,-3.2242672086264608
0.089,0.8554118203728055,0.6581850515525972
0.09,0.4622539991782828,0.3739804610541435
0.091,-4.16569352692429,2.8292706084817922
0.092,1.780081583339474,2.043406394153039
0.093,-3.1039190048798617,1.015792727973513
0.094,1.5220514748679541,0.1292811026764759
0.095,0.2633600592375154,-0.8538998485671174
0.096,-1.8265306885894224,1.9855592595511713
0.097,-0.5447685948836016,-1.8982151111082017
0.098,3.0212946937089185,-4.390571496730472
0.099,1.877577306439038,5.462941329804162
0.1,0.8855831218636002,3.1071676458832034
0.101,-2.9945419866753142,-3.843146868829174
0.10200000000000001,2.946427114541697,-0.2587873412104043
0.10300000000000001,-2.196514180149976,4.917906037236875
0.10400000000000001,-1.8388124611872663,1.6040708552623333
0.105,2.232142151807323,3.5926248168936703
0.106,-0.992173036183959,0.6999662723675452
0.107,-0.2894878644987229,2.764929644005166
0.108,-1.0072325766250214,-1.4187153503182661
0.109,-4.207257155769662,2.1090587932462332
0.11,-1.6865508574418644,-0.4150473435360396
0.111,-1.9246527031142011,-0.5338952748580268
0.112,1.9282151356507506,0.6181504860500008
0.113,4.5977130112162525,-0.6549380914448568
0.114,-1.8847838206194014,4.611888964472246
0.115,-0.9756550414926892,-2.994623705403415
0.116,-0.677503064688877,1.603238655741455
0.117,3.7357542694760206,-1.3752584125057683
0.11800000000000001,-1.5215476715256069,-2.7079244158274425
0.11900000000000001,0.6615374742682315,-0.2763207895328136
0.12,-1.332384489264081,-2.4657843095794982
0.121,1.3281518545403515,2.4413026451626982
0.122,-0.008366711439074252,-3.0935455457499095
0.123,4.338551232665489,-1.1892899106257162
0.124,2.563719089509645,-0.2872718216702499
0.125,0.913409317457656,0.4147621163162349
0.126,-1.6716490628084126,-1.8651391304650904
0.127,-2.951677200671394,-1.8976942913111112
0.128,3.4086073159658623,0.9849296097522715
0.129,-3.123182119922341,-2.30081561867376
0.13,-2.3100425925175165,-0.4242052329657602
0.131,-0.23701807194166696,4.028696370428025
0.132,-0.73267923629683,1.5317303408658438
0.133,0.4314341234665451,-5.471478113954263
0.134,-2.743234522857283,0.8238718331084531
0.135,-5.0380677689204125,-2.0002098283908687
0.136,-0.14341473005047867,-3.6718426431596716
0.137,2.858739475090827,1.3053038738508336
0.138,-1.8341596971672438,3.235989117536838
0.139,-3.5574750980973753,1.0479358153412652
0.14,3.9701687401707346,-0.35520427614482786
0.14100000000000001,-1.5739813784435746,1.45216080783518
0.14200000000000002,-3.821410673112004,-1.5060076119998698
0.14300000000000002,-0.9092310739872012,2.666593784712884
0.14400000000000002,2.341287588504624,4.732649411862936
0.145,-1.8758375092823665,-0.8735782878721302
0.146,5.482089712406231,-0.9137938504987966
0.147,1.162525806219296,1.9898803006110672
0.148,0.5214423623168863,-6.1650757881572655
0.149,-0.12303206076085349,0.49979967510894
0.15,3.63366418029605,1.1308284943413647
0.151,-5.130032614339754,0.8657321752409237
0.152,2.837400724356083,-0.18439023094436138
0.153,-1.0721532970429188,1.667484231138985
0.154,-3.3149580284329434,-3.6762625283303
0.155,2.485509157397497,0.5854958816238599
0.156,-1.0835306208269913,0.3739885357213964
0.157,1.9317844948804128,1.5039878233794752
0.158,-5.000186978733864,0.4650963116978451
0.159,2.1133890590066913,0.04504502507963544
0.16,2.0985289008595926,1.657697741262288
0.161,3.068676526159403,1.185401870703642
0.162,2.847954979055934,-0.41304147572903105
0.163,0.9855877437953392,-2.262212215115398
0.164,-3.096349694320129,2.7687736235658766
0.165,-0.7627361481038301,-0.7515176100891812
0.166,-2.9173489220251603,-1.7159865583433418
0.167,0.8405763999901089,5.891217313742716
0.168,3.7320604730199887,-2.928569856094328
0.169,1.0967220852360668,1.6919243254496752
0.17,3.3259325824712755,-3.73756723068203
0.171,4.342377082523504,-2.189844714380539
0.17200000000000001,0.7148779571819361,0.3347347054549886
0.17300000000000001,-0.833843418942593,3.2555166780749585
0.17400000000000002,-2.511922622745661,2.1788493464085734
0.17500000000000002,0.03623467695276328,3.214692080825595
0.176,-0.5509013892241962,2.4552251370169147
0.177,-3.262868342419671,-2.162255694542358
0.178,-4.531164187228173,2.143553169500017
0.179,1.3023568071698377,-0.964817120884147
0.18,1.3240523563335305,-6.211991036848446
0.181,0.6675665047194672,-0.1587102820599988
0.182,-3.899520834634681,1.0833846009447161
0.183,-2.5334650341834584,0.212688832128835
0.184,0.17826639298686076,-3.3892809648823046
0.185,1.6276431113939502,1.3070759503700078
0.186,0.5293554474697919,-1.2648399816707077
0.187,-5.067150701737769,-1.7488374861830476
0.188,0.8880311626302277,-1.101832709377126
0.189,4.884507584846319,0.8172414129464439
0.19,3.2015409962979144,3.489506577776055
0.191,-4.577284814685574,4.64824532943391
0.192,1.4012923900716234,-0.14596811692580436
0.193,3.882325447128199,-6.1176341106023475
0.194,-0.36427698582857343,-1.052179190150212
0.195,-1.3011653848177736,-1.0728012259377477
0.196,3.3708008858772165,1.333081282822048
0.197,3.1704443943463834,1.043529399117603
0.198,3.149368786247331,-0.07646650921399732
0.199,-1.3174918139050753,0.022711219474561943
0.2,0.6499604224183366,-1.9519539199377505
0.201,1.0527670499715194,5.995087985970586
0.202,0.6501819078751561,-6.167751690501313
0.203,-1.1167078764348608,-1.2356213917845036
0.20400000000000001,-2.7124745915140633,-0.9626145299025098
0.20500000000000002,-3.8769848790029053,-0.15319823100833835
0.20600000000000002,-0.0897016254218981,-0.8532617646691365
0.20700000000000002,2.7247252144255234,2.5463280826890275
0.20800000000000002,-3.241996821770437,4.52441850655963
0.209,-2.7121854534172627,-0.06392243082524383
0.21,-1.2964498373905031,-0.04922931879768966
0.211,1.2439021288802012,-4.186622521305976
0.212,0.47793784810185963,3.087804942936115
0.213,-2.005871441861778,-2.4850480564853936
0.214,-1.1819327512867701,-0.2849164566274671
0.215,1.342815260823756,-0.16634627930640777
0.216,1.9035754828067406,-1.5136699902519877
0.217,0.10211658826615119,-0.719380096370618
0.218,-5.886841187370309,3.3866091782164633
0.219,0.9800279901621329,1.1434430491651955
0.22,-1.891563859815539,3.3261931201279
0.221,-1.9780324054705303,4.897286014936557
0.222,-0.2916726037074514,0.42076822115698587
0.223,3.434094003234016,4.273311344878442
0.224,4.567706130118321,-1.6254249370804954
0.225,3.759795887879747,2.0827979971376274
0.226,1.3044141381659973,3.6030366016598974
0.227,-2.572122333909494,-2.0568045402543444
0.228,1.2929310855371634,0.7949947836515878
0.229,-0.4628091911074139,-0.9549691060929453
0.23,-4.502654911263427,2.500672173242016
0.231,0.5319253699801805,-3.1797356526196525
0.232,-2.7684030942054023,-2.55061671892779
0.233,2.2919993973977366,2.954687384536165
0.234,-1.9493560032954902,-1.8619325829117694
0.23500000000000001,-3.2920775038025836,-1.1287969729489726
0.23600000000000002,2.2633010694747813,5.0331454824739374
0.23700000000000002,-0.6475412659719172,3.8315406809209467
0.23800000000000002,-2.245858136181996,-4.057609795914895
0.23900000000000002,-0.45465672758424736,1.3355293337244143
0.24,-5.53068697175953,-3.708688125201816
0.241,-2.191177316049045,-1.153807662876403
0.242,0.10472803080232052,-1.8666745190876466
0.243,3.768297184748708,1.3484834466176456
0.244,-0.6814768818468684,0.9771545020789197
0.245,2.605706598684533,-3.8748635825635906
0.246,1.2416666928028046,-3.391447756415836
0.247,2.8406382302900313,0.31832992931270754
0.248,2.246308764982563,2.5444655310175412
0.249,-2.4947423069849815,2.9913917556589054
0.25,-3.6508152775534146,0.24963921138476708
0.251,2.2061069160509303,1.317703765360397
0.252,-2.114522029902757,1.1445852634405569
0.253,-3.5630358752327655,2.3903001841465197
0.254,-2.95451019027899,-0.272806135554038
0.255,3.673232457457703,2.216952895224118
0.256,0.2954085836925483,1.9870926758404748
0.257,-4.256260293551053,1.566682190889987
0.258,3.0717376301566586,1.3068240951243202
0.259,-4.018691669867063,-0.05095274229298152
0.26,4.188638518719803,0.43323376791185453
0.261,3.910226112800915,-2.442656476513204
0.262,-3.8617884828677695,4.159901141525176
0.263,-1.1358435598683707,-1.0710143113686827
0.264,1.6544280419220754,-0.8587258366948277
0.265,4.708644308925433,0.25399641132772105
0.266,2.2158983074865586,-1.0504374295856622
0.267,-3.429032844835187,3.579557888824017
0.268,2.2357399093806394,0.7876488232202817
0.269,3.906047127019013,-2.6911196086174605
0.27,1.360025468224757,1.385723288229782
0.271,-4.117646445651466,1.6903088674914586
0.272,2.863211038631197,-0.8148625244974987
0.273,0.6943768949734924,5.164098140663958
0.274,5.19122713989973,0.14176334648924185
0.275,1.0142781516939212,2.0329973404426513
0.276,-1.6209851894268623,-5.540899809580301
0.277,1.9034260010804007,0.39470981657088133
0.278,3.850187844315007,0.023885653685651015
0.279,2.4105387546690666,-2.587331479236375
0.28,-0.6679511734554123,-3.4767878530442053
0.281,-1.9220236864325204,-1.9939475570791954
0.28200000000000003,-4.103197876808663,0.18056743703838152
0.28300000000000003,0.9029193446120112,-2.544476703246304
0.28400000000000003,0.5791660064267264,-1.0067544895404286
0.28500000000000003,-0.8735055427350815,-2.2915666572263222
0.28600000000000003,-3.0895748169567843,1.9653088209843146
0.28700000000000003,2.9852161989124664,-0.8638098692950855
0.28800000000000003,-0.859072269357499,0.5673026481198915
0.289,4.2043248247057665,-5.370287472462865
0.29,1.0539133730702617,-1.2696950851782278
0.291,1.2898845433331743,3.972419042901323
0.292,4.878381672557125,0.7732648709002343
0.293,-0.18560339740908904,0.3017572670279661
0.294,2.9148940047602547,-4.598203501646108
0.295,-2.8156190260529046,0.5388023776025916
0.296,-3.7033322353276685,-0.6058810397154386
0.297,-2.8485672683983414,4.96945381898644
0.298,0.7037956448901113,-0.46155324493398503
0.299,-3.8829155962645903,5.09166424201644
0.3,-1.30354451611145,0.5676097415216735
0.301,-1.0844101369394992,0.345339741823888
0.302,-2.2713586832039856,-1.936299128292008
0.303,1.46500241678258,-2.17280638309831
0.304,3.975886693835627,1.2286982630764507
0.305,3.5780165069561347,0.15961311732260802
0.306,-4.400868133643997,0.39505115465838225
0.307,1.9731071346048328,-3.2097373222911147
0.308,-0.6997648586114369,3.653081993328433
0.309,4.317744241111706,4.0852133650998885
0.31,-1.7663069248222947,3.4830494367022027
0.311,-2.1693759306829232,1.0867890838837346
0.312,-0.06505664491392998,-6.491313348041258
0.313,2.628322948308108,1.6703928950010964
0.314,3.186009252353522,1.504880301269722
0.315,-2.7445394027832983,1.7815898421014946
0.316,-2.173165537314464,-2.6099909047936216
0.317,2.3740554289985605,2.9330064348110536
0.318,-0.0905086806806567,-0.24324246473514094
0.319,-0.678610974318038,0.5642737921163975
0.32,-4.017152289663969,4.6821174123221985
0.321,-2.4999770362022335,1.9205406920733985
0.322,2.8536532310614966,6.262872081699415
0.323,1.700493981104274,0.36514171190182715
0.324,1.787728441385532,3.5160627278687677
0.325,-0.2993453169242648,5.353144455441967
0.326,-0.986126497960438,4.48012021911053
0.327,6.056015548368335,0.6456184847999437
0.328,-3.3088561370267335,-3.020894381249032
0.329,0.2807599316545054,-0.32581875526016635
0.33,1.1785740351781777,2.2758039608046854
0.331,-0.298773617131871,3.184782393388154
0.332,-0.2938523983674664,-0.15910344516763011
0.333,5.701822272149439,-1.785944658057323
0.334,-0.258813749021939,2.337555496843441
0.335,1.5766299828507342,0.9263392091610674
0.336,-0.8828500470785022,3.0607410026823216
0.337,0.06853825211629311,-2.2025971652727043
0.338,4.02231183120579,-1.0095238416440084
0.339,-3.8163610953228284,-0.4519559355803495
0.34,0.7950663082431493,0.825901139445109
0.341,-1.774049958655792,-1.9779378968954444
0.342,-0.06142973745161917,0.9434823271652191
0.343,0.014500951282203106,-1.189980834532263
0.34400000000000003,1.2690643675200246,-1.2979280378876914
0.34500000000000003,-4.4686363621790415,-1.5733156657472274
0.34600000000000003,-1.2443489681784934,-0.39866283312077844
0.34700000000000003,-1.48001936960494,0.4134447497517984
0.34800000000000003,3.7356220497176045,-4.119888273593254
0.34900000000000003,-2.0104062750831324,3.8715977557830104
0.35000000000000003,-3.533578892045771,1.497923482138998
0.35100000000000003,0.7396624406569257,-1.9712370084764919
0.352,3.1654886762130476,-2.3964127390248655
0.353,2.962235430867964,0.44332353836377325
0.354,-0.4043281149994376,1.9317676333963163
0.355,0.3185658715344111,1.2177235785803173
0.356,-1.3631137437198766,0.8369855909824
0.357,-1.1243061581080067,-4.174515295955801
0.358,-1.6802910168086627,-2.4812115469718052
0.359,-1.4985273953538467,1.3622743334147978
0.36,-2.571122914151442,-3.637888599780346
0.361,-2.8585393349527126,1.7852869449876634
0.362,-0.21750975291300603,-2.3576390292653158
0.363,-4.140853209572801,1.53491866215913
0.364,-3.4665906330097314,-2.85677751344442
0.365,-0.8893045403523498,-1.6511366852706697
0.366,2.3016839281024426,-4.39057491231801
0.367,1.6094997770203934,2.0346118267193583
0.368,-1.155826441735575,-0.2930869240444742
0.369,0.48869322854756525,-4.37999770654066
0.37,-5.770298872103723,-2.2276788162877765
0.371,3.3650158633415117,0.00578712378265811
0.372,-0.04780434560220034,1.0995751543580146
0.373,1.78086217082475,-1.6081973596080534
0.374,2.3209026026701047,1.476666880772177
0.375,-1.778451778458658,-0.476852697731472
0.376,-0.167635759505685,-2.521219981705356
0.377,0.3548791624261072,-2.2506488822052892
0.378,0.1473006105426084,1.3989647251638888
0.379,-1.8572403538542628,1.2234049030905738
0.38,-1.931318077833926,3.9686270394425462
0.381,-1.2358780823922082,-0.6413959528708368
0.382,-3.8384407627285952,3.722953714004298
0.383,3.014047207765045,4.016966604551816
0.384,1.4196502326219866,2.637901529148186
0.385,6.811125416488002,2.8305500219791893
0.386,0.4549245446544947,4.069953578018026
0.387,2.523058314861344,-5.246271866492646
0.388,1.7443112516092372,4.809784063446231
0.389,0.6207622365193429,-0.24204180460228264
0.39,-1.2242044324380568,4.350614047657472
0.391,2.7606410553703227,-2.0369719913336297
0.392,0.322703467781891,-0.3320772107976473
0.393,-0.005458952488987756,-0.6369023747721211
0.394,2.1864885382452455,0.6464307839329034
0.395,0.6429793271299447,-1.7126828369717326
0.396,-4.650171270087664,2.7799121014806234
0.397,1.7302116630165991,-3.545358153617384
0.398,1.8448691220408715,0.4030962628366548
0.399,-0.7447849191781921,2.692824394201006
0.4,-0.17239728518725927,-4.723007323109728
0.401,-1.4535345575911138,-2.1530398784069127
0.402,4.406496102833626,0.7211698106977547
0.403,-2.3064744839543474,-1.819983194151849
0.404,0.35913575317847857,-0.5721250773024936
0.405,-2.0714043683712497,-0.5536355260365979
0.406,-6.774986763022303,-2.388327484789959
0.40700000000000003,-0.39651989368983187,0.8393199658390403
0.40800000000000003,0.39716361587272253,2.2864003983631473
0.40900000000000003,-1.4368014834562581,0.38169393726712997
0.41000000000000003,-1.1422034364896319,-0.5868774329553551
0.41100000000000003,-1.0729713800663334,-2.8749350313508435
0.41200000000000003,0.3960016486174489,0.7220619797018275
0.41300000000000003,1.0652775160693795,0.12704848481455266
0.41400000000000003,3.534297811470978,4.900675583901705
0.41500000000000004,-3.915930820860402,3.2628120209311144
0.41600000000000004,-3.6061826161996176,5.226576450458474
0.417,-2.0054216617410576,-1.2277085076832805
0.418,-3.598918407503709,0.4639530773027943
0.419,0.544003458437391,-3.7174408515660167
0.42,1.6436703517930722,-3.9443426923481466
0.421,-5.122802885136292,-2.5543368022740904
0.422,1.466984094829153,0.5529294479235773
0.423,2.6038747361908734,-1.9167802262983926
0.424,5.403361603223613,-0.765376501882726
0.425,-1.4742875313123744,1.1288072191788423
0.426,1.652874883207629,0.867610901282138
0.427,-4.235571497440215,-0.6335459623696578
0.428,1.3377677469864155,1.2040712940129947
0.429,2.8253490806729524,-2.188649559012242
0.43,3.632806555405609,2.3158561481499658
0.431,-1.7095474145436205,3.666165631479407
0.432,-1.8352459068161708,0.8083069729754269
0.433,0.6560178188055885,-0.16977957771105257
0.434,-5.138034825721217,-4.220890276957751
0.435,2.8877512522201023,-0.7120104708934447
0.436,0.3423323701270401,-0.31563859560510177
0.437,1.9601381492809544,-0.1294864552060404
0.438,-2.3005768415042693,6.101607187260034
0.439,5.329656147068821,1.1782306212115325
0.44,-2.167571696728279,2.5177829122174207
0.441,1.0977735031791194,0.1183948426943141
0.442,-1.0613620227587157,-2.689432895198789
0.443,3.3624694357049867,2.566300182227608
0.444,3.485157690554585,3.002936466629798
0.445,2.8868522873401825,0.9968518389223948
0.446,-1.6055364224215207,2.834659396528533
0.447,1.6087791363220425,-1.550297272515269
0.448,-1.8096555227119597,1.1554236931493147
0.449,0.847189063508022,0.3164584039483044
0.45,-1.2614276326425924,-3.7890382276141272
0.451,1.8882692057894646,-2.491197719920125
0.452,-0.6038121073357001,0.12198950710835754
0.453,2.842031503919826,-1.89877383179983
0.454,4.547505688817269,0.19447979313072675
0.455,0.27306932707255144,-2.4210970554883917
0.456,3.6213474601225935,-1.3187397304613795
0.457,-1.9796635379282836,0.21317441297522494
0.458,1.7954462527248782,1.5464733657958472
0.459,3.5220338716654567,-0.16632318669828916
0.46,-0.7514617885772596,-0.885723210587636
0.461,1.1852815556380796,-0.9340064234537161
0.462,-2.5271083217042,1.8413303798449103
0.463,2.61964132844374,-1.5001821718316302
0.464,1.0448824008177084,-1.0421989517191872
0.465,1.6242514054670614,2.080540149745206
0.466,0.22653284971592336,3.402884661781981
0.467,-4.076738100808001,-3.5425367085049886
0.468,-4.252544368787633,3.4897576254711478
0.46900000000000003,0.02167538163167604,-3.9424531785264705
0.47000000000000003,-0.8852832623618155,-4.426581061739755
0.47100000000000003,1.584704331406445,0.13010198748278468
0.47200000000000003,1.5395535218712906,1.033659722146211
0.47300000000000003,-1.8692345109476491,-1.475000750055096
0.47400000000000003,0.3942795107086956,-3.473177982628267
0.47500000000000003,3.734336741863703,-1.3232564933240174
0.47600000000000003,2.7533290914535704,-2.6707189783245555
0.47700000000000004,1.8488645282157112,3.4225495202293468
0.47800000000000004,-1.9288109782112803,-1.8695738484863145
0.47900000000000004,-5.69905930026502,0.5437727550384974
0.48,1.634693688289321,-1.825481996858317
0.481,1.1608772726497003,-1.1700357837193038
0.482,-1.4545232999145916,-1.3145161472026545
0.483,4.188851850801783,2.606842701700507
0.484,-1.55954008851542,0.9131036596308405
0.485,-1.2396852367996656,4.927162411877416
0.486,-0.19448036146550773,0.5801792863226118
0.487,-0.5077421055654625,2.9006436853318487
0.488,-1.0258752827482214,-0.40799405594789667
0.489,-2.927358759477487,-1.1102590811840893
0.49,5.234416482808491,1.4932224879338807
0.491,2.522903533287093,2.73306726176602
0.492,0.44963640685358097,5.181668392163203
0.493,-1.8861293036097242,1.5803472491336863
0.494,-0.9780312878426003,0.10639296874650817
0.495,-1.5034867657741273,3.985611967929299
0.496,-1.520043923785873,1.3874859737632248
0.497,-2.752011929370335,2.660827506444326
0.498,3.6268641903952017,6.50689429414042
0.499,0.5877468293492631,-1.4389510500288458
0.5,-0.3096900641399192,1.941825904179364
0.501,-0.7511904562046039,2.1396723469476515
0.502,-0.11010712389739186,3.205416385512904
0.503,5.3759494011727735,-0.14820412756790513
0.504,1.3656672994488217,5.811807454363141
0.505,0.49171304856364195,-3.4712866086638012
0.506,-0.05849399195897087,0.7720255261970479
0.507,1.1644021097515345,0.034473957423198476
0.508,3.805060091862046,-4.627207277368595
0.509,1.5058604092691,-1.5339962925787414
0.51,3.621763749231225,2.442289132504052
0.511,0.7652543994007641,-2.0918235760833443
0.512,0.537755340206836,0.24466410996214427
0.513,6.232898673829155,1.279271336099403
0.514,0.769655199534941,-1.398904771425223
0.515,-0.4957713715451615,-1.7413460723637864
0.516,4.0648077704212024,1.531685109697708
0.517,7.1072578110948506,-0.7532827693940777
0.518,-1.867658820329428,0.9365098801842151
0.519,2.8841798208032356,2.8549700478768614
0.52,4.297972767162303,1.4516319621329705
0.521,-0.820763519309888,-0.5548183824985959
0.522,-2.5402241052076375,-0.1956607821459696
0.523,0.7349401554560215,-3.6821147390630835
0.524,1.0274992742863085,-3.3161354493949515
0.525,-3.361067933140246,-1.3706545073066276
0.526,-2.3579964593828087,-0.6589060472814493
0.527,-5.207476119704108,-2.8294566879888654
0.528,1.571054706730169,-2.8273118431497286
0.529,-2.7761318070255245,-2.1685615022136617
0.53,0.10077914593511772,-3.2706852480261466
0.531,-1.901062118362986,1.0030982195044853
0.532,-0.6050444307562453,-4.429551671714143
0.533,-0.20061726803800695,-4.693972251839947
0.534,-2.1104242076919473,3.6114161801566014
0.535,-2.231559377505867,-3.3569096272719205
0.536,-2.380667897791509,1.0852587768890094
0.537,0.5853220027686608,-1.7071381208163612
0.538,-5.391508335810241,0.48768705112657496
0.539,-2.9214795529318955,1.89060635335004
0.54,0.18497963569871367,-3.3257114099010963
0.541,1.1130173230520808,-4.166665330732906
0.542,-3.313850012089553,-3.463204387433941
0.543,-4.182224587041704,-2.9245126146819946
0.544,-2.231721432329439,2.851583052442184
0.545,0.24370511709877252,-2.588567022259943
0.546,4.837833440364306,-1.5461485578788694
0.547,0.8254132886988084,0.3391501671851903
0.548,-1.0053465704036944,-1.2650364545294335
0.549,-0.7685259099392086,2.7394494522708266
0.55,5.122159912208284,3.7898183280213456
0.551,-2.240539735803951,2.5329687947482236
0.552,1.2052925672056816,1.0849612658306473
0.553,3.1304418620051315,-0.7127165270429678
0.554,1.3918556936447568,2.924510965105193
0.555,-0.6229782949836844,-3.126154384553719
0.556,-3.024330296207157,7.138353088177376
0.557,2.8355359693137876,0.32629807447146786
0.558,0.38269960375719997,-1.5650333388991982
0.559,2.6684238948637655,7.2110793330620435
0.56,-0.2835943646968466,-0.3068474914712027
0.561,2.0635635780423955,-2.559156161125651
0.562,1.3166079040229919,7.360337074637615
0.5630000000000001,-1.049623068478354,2.011838692051923
0.5640000000000001,-0.3916694888452297,4.57914855493879
0.5650000000000001,2.042447256724895,6.8934251896781635
0.5660000000000001,-0.3280851088272616,5.308293129650759
0.5670000000000001,2.122592738952995,3.581763325169635
0.5680000000000001,3.042368373495753,-0.7320577343673147
0.5690000000000001,3.9261628196279457,-0.2615243741606177
0.5700000000000001,-3.190476291938989,2.884729547155013
0.5710000000000001,7.092672003326735,-0.35256088657815554
0.5720000000000001,4.556231075316501,1.2386346571318003
0.5730000000000001,4.684929833245491,3.2568686190870255
0.5740000000000001,2.1267703110946177,-0.04969009237237665
0.5750000000000001,4.299043401500986,3.6470750089066515
0.5760000000000001,-0.4204389431246267,-1.6812436082485456
0.577,3.9436873292509222,1.9054457813140029
0.578,2.9261009912222065,1.8557030841406559
0.579,1.6996954533853186,-0.5558713141008347
0.58,3.084695269616925,-3.000626003456904
0.581,-1.2838167762575081,-1.1476000159681106
0.582,-2.6326773677405173,2.4035080436321925
0.583,0.14661328128348827,-1.4954023242336965
0.584,-3.7350052850299247,-1.462326859566396
0.585,0.544427143840007,2.647814871198218
0.586,-1.5547398911482695,-3.8054683204912636
0.587,0.8355570411266463,-1.1609443234304584
0.588,0.8177844527415334,-0.8240483171759285
0.589,-1.388657198865426,-0.5155641651310732
0.59,-5.177924911179116,-3.5321427538663324
0.591,-0.9380882875099087,-2.9105716195950606
0.592,1.0663650690897442,-5.91211597319168
0.593,-4.903402891073787,-2.159084049247341
0.594,-3.6812482371145543,-3.931226583247505
0.595,-2.804162411785581,-3.4434995930285943
0.596,-3.2424979763005597,-1.577898351949994
0.597,-3.2820564144901763,-6.908976630989063
0.598,-0.39542923032262767,-2.4717506294112193
0.599,0.9300511883278735,-2.0271745164301804
0.6,-0.5606087675892981,-2.4104608206688094
0.601,-1.3300333678230492,-2.921696257764917
0.602,-4.4993840369083165,-0.383518585525491
0.603,-0.0739744140632892,3.496877657228991
0.604,-5.792478303046595,-5.616850533892579
0.605,-0.6885666889631601,-1.0115937772381722
0.606,-0.4349441029849701,2.3396065473879504
0.607,-2.3310607873167886,1.9062138501650623
0.608,-0.9744812421810445,0.4926388343484991
0.609,-0.05429054599225447,-4.901209906668766
0.61,-1.4081300331474145,-1.6939669252521339
0.611,-2.98352830017907,0.3393381456619385
0.612,-3.625474886415085,2.40324326895278
0.613,1.764826986709047,-0.43111153578321615
0.614,-2.7121024110293455,-0.33979128350657906
0.615,-0.5303144467375943,0.9094263137631833
0.616,-2.8109832778910304,2.1621779580971676
0.617,-4.216474497976106,5.757940543017519
0.618,3.330137464078269,2.3101661080758915
0.619,0.35358591317016075,4.606008029983627
0.62,-0.7873136341716137,1.471194009439037
0.621,4.504808641020346,1.0341976348488278
0.622,0.03431639917995155,3.5471656266465152
0.623,2.3423594619043753,0.290494418507099
0.624,4.955994637614941,0.5387732146876965
0.625,-0.8456821918118953,2.5246672240811234
0.626,-0.6426393756585216,3.287342187607294
0.627,4.7013081573838456,1.4027410810937049
0.628,-1.750514600109868,2.6284221691096294
0.629,3.1366608670396263,2.080439084559939
0.63,-0.12813352250084398,7.731510907945223
0.631,2.768706330860949,2.3392151645854247
0.632,5.343230808207755,2.1976779318816275
0.633,1.043632499166824,2.6209975793882685
0.634,3.482201433083535,6.585885855935045
0.635,0.3522215330577545,4.281504951285005
0.636,4.201370128755093,3.6359107935633146
0.637,8.05578285445057,-2.334491961022872
0.638,3.7377780402200447,-2.543757495982309
0.639,3.3759067054388194,-4.225592425784788
0.64,3.7096576484258286,4.674534283467493
0.641,-1.2667630708775692,1.7464783873281742
0.642,4.057491774930403,-1.815395023440023
0.643,4.543000985958408,-1.9868813057954968
0.644,0.16671719168184818,-5.924894700095618
0.645,2.480086836105521,1.2391184733495946
0.646,-7.399870403485797,-2.758565139722994
0.647,1.0712672964422487,-5.814716220419641
0.648,-0.017188660882242718,-5.928070194298851
0.649,-4.088229210578128,-2.299828945281788
0.65,0.3284236102434577,-4.1119416412374035
0.651,0.8231805325644396,-2.6302039345547135
0.652,3.047332065322113,-5.070714386098774
0.653,1.0240427210742535,-5.1096080104035195
0.654,0.3367093136541002,-2.6987047616945246
0.655,-2.09722194823741,-3.0529555116916987
0.656,-0.3339830336829894,-4.543858120871194
0.657,-5.200483060071248,-2.7819169637459025
0.658,-5.961087982621006,-2.670999379037935
0.659,-2.3103167841673877,-3.9888624410815225
0.66,-0.5564864494569162,-2.4815358776069614
0.661,-1.2083196842717279,-2.265497518505805
0.662,-3.6097138480960544,-6.0866358952946324
0.663,-3.035709657605516,-7.067615654876622
0.664,-3.036920446485289,-4.538702428989033
0.665,-2.127651860631153,-1.8239692132826164
0.666,-5.051160710669932,0.5883565125670778
0.667,-5.006352584136529,0.777653262988141
0.668,-0.8458784723071076,-2.447527145084921
0.669,-3.456154116419076,-4.092303020284312
0.67,-3.0847872958020215,1.062998290189963
0.671,1.65724805242301,2.453419046518821
0.672,-5.970535590018985,-3.403338003375289
0.673,-3.8886186285859354,1.3354482492792172
0.674,-5.433378438663318,0.03200970569185041
0.675,-0.11631158412081422,-5.4285778290693525
0.676,1.6681970602771243,2.3094717415592574
0.677,-1.7527311431888823,3.857863355225553
0.678,-2.433557358356685,-0.8284728094150331
0.679,-1.3445969639411437,6.07546363334937
0.68,1.3313333240010972,4.412835027621716
0.681,3.730454891865537,5.593669666387333
0.682,2.8443754367803806,5.109915630968518
0.683,0.7488703056277038,6.06943450980781
0.684,3.511631199125209,0.09185644096533041
0.685,2.1304986455480335,7.508144848716796
0.686,-2.65076499164618,-2.9193056593962003
0.687,-1.0795267154147576,8.37352107151497
0.6880000000000001,11.4830744314411,4.906008072534527
0.6890000000000001,4.198734181381466,9.19097570304401
0.6900000000000001,3.5227356842296484,2.128727002289006
0.6910000000000001,4.792356383981158,6.295290202833289
0.6920000000000001,0.4069491340012279,0.023122972257059615
0.6930000000000001,2.6717286819751003,5.109146477563506
0.6940000000000001,9.422657330946784,-1.0244072049590502
0.6950000000000001,7.884509916020532,1.002689911445303
0.6960000000000001,5.100416225327358,2.0050683074415847
0.6970000000000001,8.168646782812477,6.397164537886711
0.6980000000000001,3.675688855372975,2.6480715992634285
0.6990000000000001,4.295732477282731,-2.6898391203732146
0.7000000000000001,7.032002016669209,3.8120464891849406
0.7010000000000001,4.918100769382528,0.07894092870132963
0.7020000000000001,3.46208534821462,-3.2103877789717403
0.7030000000000001,-0.8165414796145622,0.5115516295910851
0.704,6.405693815823735,3.0091786916044745
0.705,0.5337827309968677,-3.9358833574398213
0.706,3.0933714094969567,1.175459183451617
0.707,2.600269216887135,-0.06367088313955249
0.708,3.9086671540630302,-6.080513504621436
0.709,-0.8409079003504912,-2.98373143711395
0.71,4.220161921565502,1.0236817007162542
0.711,-0.15602894287430896,-1.5617140976430688
0.712,-2.0549319038361604,-5.928705395657241
0.713,0.4917224446777049,-2.9475749707320444
0.714,-2.2375533237500944,-5.825473530232384
0.715,-5.357750047398075,-0.6112313952127457
0.716,0.45207494100165113,-5.270287304331218
0.717,2.3348219421930234,-5.445906008017243
0.718,0.9144053534336121,-6.008393255091967
0.719,-4.305911612790095,-4.388578381689107
0.72,-6.390886534343299,-4.5483787461766285
0.721,-5.505105817739506,-6.437269325521658
0.722,0.22285925424876396,-3.6305584331007923
0.723,-5.692332040624658,-4.169583604813606
0.724,-3.478495666863315,-2.716270795900357
0.725,-4.979059808027129,-2.951546769111109
0.726,-3.3341245254668594,-2.1276381873250276
0.727,-1.3493240066714054,-1.6503352380019505
0.728,-3.1733458940670456,-3.1244130078629655
0.729,-3.848901915159329,-1.3193654899960554
0.73,-4.048278343676526,-7.644310973737577
0.731,-2.826866010461684,-1.902141784631048
0.732,-2.1686403041171625,1.9111327080694929
0.733,-6.87664678753181,2.6472419244246774
0.734,-9.00322270899397,-1.3469139119110505
0.735,-3.90502385867402,4.882039367952296
0.736,-0.6664942764003707,0.3142494003281474
0.737,-3.5991631343164907,2.3226169907468295
0.738,-0.3530298279867188,3.2159203965469505
0.739,-0.6914801897399293,1.2414447901916112
0.74,3.078914026682177,6.430594089918549
0.741,0.6510972963044568,3.8761886671378294
0.742,-1.5458577914660598,8.401148770500042
0.743,-3.7687537405033207,1.712308127955597
0.744,-1.2616205344412612,3.0138202312115756
0.745,2.1434038941928915,5.6306939870407655
0.746,4.635365847122115,3.0929711807443567
0.747,8.195232747747427,0.32100426040027674
0.748,6.211799959078528,5.877359789604119
0.749,1.306349609584247,6.3204360815626925
0.75,6.519091454538421,6.180383116314358
0.751,1.831008445232727,4.148435420348563
0.752,8.858622601095071,6.543868812253033
0.753,4.295585070421408,4.223237150584572
0.754,4.22459589678262,7.4441754730982
0.755,0.5834910269378395,4.333880995632137
0.756,3.364875376675265,-1.0396572037897536
0.757,7.086576218195703,0.7506759840366812
0.758,3.6508271671373316,1.6337179759364813
0.759,5.256358769640803,4.526980416717503
0.76,5.9288669070875715,3.412120893914743
0.761,3.8679118827996297,-1.4646254694396634
0.762,6.37932816450942,3.2076083357388976
0.763,4.743346590668737,4.567418789192463
0.764,2.618374359086319,-1.8223033013539658
0.765,3.947879234624516,1.8747519072982965
0.766,2.865907395289837,3.4290031149399534
0.767,-0.816250105532248,-1.0858314317434195
0.768,-0.2058981456350799,0.5491498001437124
0.769,3.3577866549196007,4.796939777137518
0.77,6.7274055886938875,-5.178183178782209
0.771,1.1142936339757052,-5.677066968390845
0.772,-0.3053545974145492,-2.2978055646181827
0.773,-1.5936385017148833,-4.576592617750844
0.774,-1.0704907576645177,-4.204113633945806
0.775,3.893632639790604,-5.00209213026867
0.776,0.8166629947911808,-0.9714200956442265
0.777,-1.830817106023106,-6.61120470158769
0.778,0.2930416360505004,-1.416801084878986
0.779,-3.501761518184405,-4.941160094138028
0.78,-2.9546511728119738,-3.9796555648267433
0.781,-3.1945019946818056,-3.6715508223880815
0.782,-2.4409272763138996,-4.2291363526354315
0.783,-3.077814110697569,-3.9913562128923155
0.784,-2.6893137629702677,-4.251601109649521
0.785,-4.022829447571498,-6.317982349749041
0.786,-6.518230244586658,-2.026910675072368
0.787,-7.372511674018739,-0.8311481101614975
0.788,-6.580448507273947,-6.57326559737705
0.789,-5.2780071360414915,-5.949852575611627
0.79,-4.494239458438414,-4.876903775892735
0.791,-7.048089490036634,-7.932586627359024
0.792,-3.2780776977663764,-1.0943024689080658
0.793,-6.659453886146675,-3.120259834492257
0.794,-5.339721774827097,-6.432979321217703
0.795,-2.620795354408606,-0.8799370210458912
0.796,-1.216834412845904,-2.1270773778773027
0.797,-7.017565002763677,4.176278333950209
0.798,-3.9952142464237888,0.7184259774271027
0.799,0.6643637451708577,1.910023307484746
0.8,-0.7506949472083824,-0.36239537124725907
0.801,-2.5134860020243126,4.001841862535519
0.802,-3.2301983003775847,1.9054097296562464
0.803,2.894516572379603,3.7253247486633327
0.804,3.352701436132692,3.266454105211242
0.805,1.9741075493591151,-2.4868572599763517
0.806,-0.3351958662513737,4.572527654432298
0.807,-2.4757462531590937,7.646766906798005
0.808,-0.5251454839788221,8.839185556631893
0.809,5.311381381552135,0.27962551440166283
0.81,1.5433755705116847,-1.870753741807821
0.811,-0.8202958811909231,6.233771240751795
0.812,4.752673984797863,1.8056191021330261
0.8130000000000001,2.2793517392955014,5.079871888169857
0.8140000000000001,6.480786218064074,5.5427677728572196
0.8150000000000001,4.1189843546804354,3.383577285087109
0.8160000000000001,5.052330741425591,6.48424702987581
0.8170000000000001,9.694721469077543,3.3185199242469907
0.8180000000000001,3.7056284170660403,-0.43163395419790884
0.8190000000000001,5.5002905449539,5.554165066357279
0.8200000000000001,2.3677061227569998,2.074444651859876
0.8210000000000001,5.466980862181486,-0.5792190416933738
0.8220000000000001,8.985782972758035,4.641702388371948
0.8230000000000001,5.110378891766938,6.941274180486811
0.8240000000000001,3.0790804891267842,-2.2245177457825216
0.8250000000000001,6.82141264891091,1.2191753079315713
0.8260000000000001,0.7376222794826508,-0.9330480820054474
0.8270000000000001,3.2247478137585777,5.156420443654052
0.8280000000000001,-0.5815728413384273,0.602816037683243
0.8290000000000001,4.864365682134414,0.3321318745726235
0.8300000000000001,3.3215881175055335,4.254867767380893
0.8310000000000001,3.338199992786396,5.458465802329838
0.8320000000000001,-3.981919823848651,-6.725246803224874
0.833,2.648402505075665,3.19159747204335
0.834,0.5580184142733133,-5.772355894995698
0.835,-3.5494874740871123,-3.69025002993325
0.836,-1.9682387508862262,-2.3394824284837523
0.837,1.2731848486161685,-4.264089306392156
0.838,-3.222449273869361,-3.2323684881397075
0.839,-3.5345461988819165,-3.3921358771685544
0.84,-5.8426689079154235,-2.3920782835804517
0.841,-3.816162887355262,-1.8132372186976395
0.842,-2.015144039696038,-5.797737613078108
0.843,-3.631770517818632,-6.39938992797256
0.844,-1.9924011867980889,0.27734211222103156
0.845,-5.347858360426589,-0.909659964723005
0.846,-1.0325521469504113,0.5832826050368265
0.847,1.302654679185598,-3.0730153860662224
0.848,-4.4508964420285775,-5.6939068360109175
0.849,-7.438531838840145,-5.457795760739144
0.85,-6.980252221475469,-4.920058068742908
0.851,-5.425083438398218,-2.3603050761157647
0.852,-6.042504482951328,-2.8690762803921332
0.853,-4.030473981192718,-1.9482576775779599
0.854,-3.215758284975753,-3.5698496983964887
0.855,0.1850835744038135,-1.648665151618304
0.856,-2.5762156033885297,-2.5458203555226318
0.857,-9.015216704138528,-0.759467708621143
0.858,-7.079957820244264,-3.2689741960264884
0.859,-2.833183423178467,0.5363546108095701
0.86,-1.0848806162531426,5.061406168424075
0.861,0.16894318975196665,-1.3981788689325005
0.862,-3.4996083428158986,-1.0642383061412426
0.863,1.392358627594995,0.6021882624461007
0.864,1.4081393999395337,5.8831000311496915
0.865,-2.0802215671444864,3.2400558047860453
0.866,2.074656904087815,-1.6540184521390655
0.867,2.952353030141705,-3.762307224842513
0.868,0.6360497915088212,2.6291113278702514
0.869,-0.909398347529022,3.8958583448557813
0.87,1.7094699450219046,4.208809932603647
0.871,-0.9287252251299667,3.1580156460238675
0.872,0.46695232117965824,6.2204337554004425
0.873,-0.24149623893291006,-0.049976136483969036
0.874,3.9058550017438036,4.922030870091563
0.875,1.7672211444145565,6.991740114588229
0.876,3.136348071845885,3.91044670937515
0.877,5.2882422371375055,3.387266997522445
0.878,2.215898923271361,5.0105472749415005
0.879,7.406260737730527,2.092334715175423
0.88,3.6156160940514,3.1223158201169023
0.881,3.514046765968176,6.991423976739583
0.882,2.9953758190043756,2.3344590693306992
0.883,2.901846238788676,1.0220588936419168
0.884,2.0740488808564166,0.781808691827039
0.885,1.8641051330651899,2.9470361284645303
0.886,3.2227453840137628,4.2319507501883304
0.887,3.948781224803714,0.24074486824520336
0.888,7.324209430367366,-0.23451197477011254
0.889,6.679791390785893,2.4746199537198104
0.89,5.5622185621133315,2.334940487627787
0.891,3.7320475070023105,3.6470250578639223
0.892,1.0488718169655686,-5.988208742075032
0.893,-1.1843108808512746,0.5515419746149344
0.894,0.1475542018266709,0.4664424397343676
0.895,-2.3157927871153947,-1.0384693703244108
0.896,2.852904792824919,-2.431653636001417
0.897,-0.1811125193944838,-1.373524405388346
0.898,1.4669684571172616,-2.630650204803931
0.899,-1.6421755742038273,-0.9392723072653573
0.9,-1.6843396654199472,-0.40719576817712744
0.901,-6.392239255894637,-0.17946343723555103
0.902,-0.00949230495462583,-2.7550222811269625
0.903,2.854129483055717,-9.435475241286072
0.904,0.3410362904600188,-5.454929963566296
0.905,-4.219940697243425,-5.0749304859892765
0.906,-0.43131516007391735,-3.8567714608766557
0.907,1.0531365391170664,-7.440730501633562
0.908,-1.0026933122942778,-3.6486205345050227
0.909,0.7994775186067082,0.5299043648831008
0.91,-7.277808918684502,-2.7311389956898555
0.911,-4.904810063279095,-1.1889926797809047
0.912,-7.523401534479882,1.5842795851732232
0.913,-0.9166841123481779,-5.751658615805031
0.914,-0.5258702842804222,-4.67977090707825
0.915,-1.3444055493527314,-3.2557356677387213
0.916,-2.8984425376892964,-2.60057790039253
0.917,-9.31345674456743,-0.8438001185306838
0.918,-3.176992610854889,-4.746905809593248
0.919,-6.692677101060635,0.14943866733037736
0.92,-0.8247890775948838,-6.662339375776952
0.921,-3.7340067644259594,0.21673347834808876
0.922,-1.2441738970521794,-2.7671893060500583
0.923,-3.391757311538913,2.558242137131577
0.924,-1.2567333476863034,-0.5791507704795777
0.925,3.323728683803977,2.6794125748850908
0.926,0.12519083202280346,1.6470095646735072
0.927,-2.4831858078845475,5.388731073625303
0.928,5.867690874790019,-2.4037534090855797
0.929,1.0939108518398848,-0.2839284339200634
0.93,2.7162299706201303,0.9736299371165382
0.931,2.9297011423165586,3.2860864560928276
0.932,5.0181624513745025,5.213010348358605
0.933,0.730557275604135,6.472805151840285
0.934,1.194623197463422,-3.3254349646110786
0.935,-0.03930368456356881,3.293215142943715
0.936,-1.1648226189716309,4.9925419324419025
0.937,2.3698432189410417,5.903005070997784
0.9380000000000001,3.6011204448898275,0.7897491659854308
0.9390000000000001,7.917980471147743,4.525735369515744
0.9400000000000001,8.93246218718451,4.929970679645606
0.9410000000000001,5.544965710693894,2.7162783696009267
0.9420000000000001,0.19177729832855528,1.091329490344405
0.9430000000000001,1.486271216834828,1.8799975632957282
0.9440000000000001,3.892369877665664,4.931793617545551
0.9450000000000001,4.653158664189774,4.429904291577599
0.9460000000000001,1.046643279273813,2.5554668587231344
0.9470000000000001,-3.387847461276643,-1.0691377274163396
0.9480000000000001,4.746076868154654,4.443432943696114
0.9490000000000001,0.5585158604954858,0.3362960984285759
0.9500000000000001,-1.141338695641358,-1.5083753086500682
0.9510000000000001,4.053368017977488,-1.9949555165185164
0.9520000000000001,4.239737723634268,1.4825600167352118
0.9530000000000001,1.4660149866956602,-7.178973630369562
0.9540000000000001,5.016503499390565,0.7771303526687393
0.9550000000000001,6.8985821582293,-3.749405461359409
0.9560000000000001,3.7982712776486363,-3.024435676054939
0.9570000000000001,-0.4776471494298542,-1.8066506628991361
0.9580000000000001,0.7664234529885456,-3.6030313540508097
0.9590000000000001,1.4058532462082551,-1.0256652513646292
0.96,-3.4793930205710044,-1.2176009583757794
0.961,-0.018025343591266035,-2.7096134614761413
0.962,-1.1247628613497112,-2.3338703010393536
0.963,-3.6626103817032343,-3.460176565918906
0.964,-0.023005204428312664,-2.297763290320166
0.965,-3.0432851527878872,-1.1140026414035946
0.966,1.8149101388058622,-0.6679989761976297
0.967,-0.41176622401155405,-7.866775909106609
0.968,-6.701822875725892,-2.592449564326129
0.969,1.3898758636346131,-3.692193240325523
0.97,-1.3325932190478265,-7.548141280907663
0.971,2.0078079232850774,-1.1434635045334471
0.972,-2.2826321426420493,-5.097433586867695
0.973,-2.2334920751169562,-4.73142492300043
0.974,0.2729453736496681,-6.521245013381197
0.975,-3.0788946088566473,-8.25043212441352
0.976,-4.774898330665974,-1.374098026484964
0.977,-6.049561309526647,-4.10642204217437
0.978,-5.076004091249087,-0.2851626639040017
0.979,1.698338435948997,0.45601805835271136
0.98,-3.940381762435927,-1.5986122977904194
0.981,-1.6711142612456944,0.2319106261120003
0.982,-6.5551401353597685,1.0549029138562014
0.983,-2.1344090451497983,-2.423523764439867
0.984,-1.0932081989581344,-1.0146041069887617
0.985,-1.0777909180279228,-2.0643723004517085
0.986,-3.7545039927070305,2.4304012355032616
0.987,-2.453501530951313,1.6598084963113156
0.988,1.6742792153360837,0.43558166042772917
0.989,0.03328211863101094,1.9688429148530928
0.99,-3.7977669168088517,-4.308374391983505
0.991,4.138743133450712,0.3386130523337094
0.992,-2.130370020263,3.670436537211319
0.993,-0.4908789409096789,3.4841178759530553
0.994,0.47984782762916517,1.6667246606210848
0.995,3.8397522523687564,-0.02529073309967389
0.996,-2.265830683011309,4.272383268374644
0.997,2.7705718125279857,4.789276879401694
0.998,0.5773880027307077,8.65541735553611
0.999,1.8313782653527322,1.8678391701683936
1.0,-0.4158705339052171,0.15343842922379514
1.0010000000000001,-1.4627965036706985,2.147106475086024
1.002,5.105890623380852,2.4042583422566555
1.0030000000000001,-0.13370143902573162,-0.4742636857758171
1.004,1.7707058862071836,2.992687065272887
1.0050000000000001,-1.084386937512368,0.04156741579450962
1.006,2.226248674640656,-0.7896076471979008
1.0070000000000001,-0.7881824060723464,0.35212309591949653
1.008,-0.7835983304612144,3.5099968221360562
1.0090000000000001,4.491754369785224,3.4565253139163197
1.01,3.7863673310260415,-0.4040616682313354
1.0110000000000001,1.94068263246033,-3.8276118246942596
1.012,1.2615729711408161,0.054089404755823356
1.0130000000000001,4.020425115784236,-0.3900632125056286
1.014,-0.9361316844994234,2.655982400908387
1.0150000000000001,2.7727040171447865,-2.6760001577529966
1.016,1.3266526904296985,0.545205635978669
1.0170000000000001,2.511725069678188,-0.7421752194040366
1.018,-0.6534259006029339,1.6972316797678995
1.0190000000000001,6.980973655191459,3.2051386764040113
1.02,3.713203291924548,-0.02702120723379786
1.0210000000000001,2.599664503714466,0.28556993241208484
1.022,-3.510386369042609,-1.2175724849660725
1.0230000000000001,-3.1087168586456553,1.6801276316955072
1.024,1.6629145975645885,-2.6541914844400494
1.025,-2.5618526548341563,-2.362181220460806
1.026,-0.8153255279626896,-7.094734353077792
1.027,-2.0843408035642317,0.031996546057700304
1.028,-0.004346852953130753,-1.6479867941195905
1.029,-0.7584644528471508,-4.802589378483634
1.03,-0.6094193863320968,-1.8996466126657476
1.031,-3.877105154180377,-3.109237641594303
1.032,0.42245857048809476,-3.400627142141637
1.033,-6.644952031073531,-5.3707359845320575
1.034,3.9089954536204825,-2.8766675946872895
1.035,-2.602760274279262,2.5179129310284334
1.036,-0.5867913401546545,0.7423184483667327
1.037,-7.305301153718986,2.255832921836919
1.038,-5.114132670926767,-1.6393140027484288
1.039,3.6096958422986347,-0.5494027668847099
1.04,-4.363219101465913,0.6458487733425644
1.041,-3.311691315827666,-4.555435346702377
1.042,-1.2115918546197086,-0.37203329208174873
1.043,-3.913900751776424,-3.2211336667771775
1.044,-3.7398185778939785,-2.700616842146468
1.045,-2.9614246358659697,4.8298043751423805
1.046,-4.87694601656927,0.9300191017916015
1.047,-1.7968769806632527,-1.5252655444199834
1.048,-0.513532676357569,-2.71340856239779
1.049,-2.6530113760160647,-0.18246385023782402
1.05,-1.852074703622826,-1.1483465306422844
1.051,2.6648828678640695,1.9175963271843888
1.052,-5.623263538321776,-0.6443840383744821
1.053,-1.3569575343667797,4.533754716442567
1.054,-2.648722391803827,3.4501062310622066
1.055,3.6272560180029463,4.58608840272764
1.056,-0.30953473828129985,0.3733430227107857
1.057,-2.199898337824776,3.790434957534308
1.058,0.07097655169089634,5.519620326705274
1.059,-0.9958229705454128,-2.0838088988437966
1.06,2.964074044976606,4.853779774827258
1.061,5.412550767673719,2.300592560255314
1.062,0.9425382004675658,3.8158098283957984
1.063,2.0636562667342746,3.3919451295454106
1.064,6.643456878507615,5.003447963872728
1.065,4.747298024395321,3.1909222527110797
1.066,0.3230735806013867,-1.2639712436328905
1.067,4.407256107958827,1.505507376771782
1.068,0.6684435718415123,2.1417013979773345
1.069,3.7472317443052185,0.6084700545036532
1.07,0.6713800844963802,7.458905402863189
1.071,-0.5006316468120442,0.6958873634831033
1.072,0.4601432618158452,1.839062041165374
1.073,1.4371384599245765,3.1743318955647934
1.074,1.6415248314834796,-0.22835505734648875
1.075,1.84411364590754,2.3741490569369184
1.076,1.900906303421639,-2.6589494493133716
1.077,0.7254965151823461,1.2297641450374637
1.078,1.7351197641465965,4.486192013974053
1.079,-0.923319878965327,4.540446302301027
1.08,-3.3314447799502136,-3.5460355306224534
1.081,1.7029331521061941,1.476990456031018
1.082,4.756566627812948,-0.5574360019245593
1.083,-1.6123687505257451,-6.841733010189048
1.084,-4.719665585456726,2.29733536311332
1.085,5.069857270036352,0.3559208124814557
1.086,-2.171383852021573,3.045266867424002
1.087,1.0048777977040122,-0.7757767911477642
1.088,-1.5881852080212049,-3.046512390331719
1.089,4.529064671647415,-4.139747295035557
1.09,-0.43384477209074446,-2.756964660508194
1.091,1.4329817684628585,-5.603732230113625
1.092,-1.4569039943781994,-1.9119360067791131
1.093,-0.7329446071308013,-1.0008893092753735
1.094,-5.76783484963147,-2.2914018840678816
1.095,0.36221205167637915,-0.45651457904188586
1.096,-1.4075920814250933,0.5626808733488973
1.097,-2.832099628670785,-3.5339523409839817
1.098,1.3977949820394313,1.1911805752428122
1.099,-2.916075371198707,1.4037960221506558
1.1,-1.114704001545946,1.3522192300521372
1.101,-4.811851065548931,-0.05197076083160446
1.102,2.6262757608722294,-3.610544337641424
1.103,6.355195833455467,-2.3578804828098003
1.104,-1.9766261087586563,2.1075678776207574
1.105,2.707795220017294,3.397605890849366
1.106,2.534020190955184,-0.12142952110167726
1.107,-3.9888094390828197,0.0627274092420036
1.108,-1.5044453040731385,-3.266253465580296
1.109,-5.105510674070233,1.3516691273410255
1.11,-6.0293256410197715,-3.1334938571496145
1.111,-4.872817991782173,0.9727494163339674
1.112,-1.480251437348393,1.8917787755051059
1.113,0.29405241167337626,-3.83935530439796
1.114,-0.1474844912683832,0.9381818026890867
1.115,3.3275461344237414,0.6587848276793652
1.116,2.7383341382844257,3.2850048166735473
1.117,-2.2714412348486888,2.9381901571111344
1.118,-3.367311182099971,3.3519030930865013
1.119,-1.9353316079337057,0.13224392082429715
1.12,1.6825443790557357,1.5940599441442165
1.121,-1.0852127210195026,-1.771961502241565
1.122,0.42167693058324013,-2.523770575833023
1.123,1.3540092723922272,1.0692945384827195
1.124,0.8484704105045304,2.267571874277712
1.125,4.357485104597781,1.7420990393711275
1.1260000000000001,0.3101249564060393,1.7073735264480265
1.127,-1.1364310153375423,1.7683341773852697
1.1280000000000001,-1.8560172334673766,1.7711380303198176
1.129,3.4249636883722747,-3.7419653394484773
1.1300000000000001,2.366242494926862,5.646040773270777
1.131,-1.6608317594532245,4.800190980919669
1.1320000000000001,4.388283271317787,-0.2657082384992877
1.133,-0.2033076527631743,1.4746110995074475
1.1340000000000001,-1.13643732316244,-1.041768991632551
1.135,8.66761438988208,3.9099246278925124
1.1360000000000001,-6.347375715557306,5.791662093967334
1.137,0.6260329989318094,2.857228925731124
1.1380000000000001,1.5149203427895228,-2.1230199977107596
1.139,2.072392276161077,0.6838804593928789
1.1400000000000001,-0.37273986416111404,-2.623306534203208
1.141,3.5573745955805722,-5.268653454390375
1.1420000000000001,-2.537473819987179,-0.6051335065687219
1.143,2.3397848599844835,-0.9664235955004139
1.1440000000000001,1.701347352355489,0.06788482212967006
1.145,1.385371110187165,0.5882407976064118
1.1460000000000001,-0.6192607136847379,-1.3575618196779637
1.147,5.079455336024523,-1.7790310781292664
1.1480000000000001,-0.2789763384066254,2.649849082380591
1.149,-1.2680228450706235,-2.481342546814661
1.1500000000000001,0.7647447220396228,-0.8598890360256299
1.151,-1.7935347418352887,-0.08567101568457025
1.1520000000000001,3.539587374473313,4.950049538898639
1.153,-2.7117151997325912,-1.7001654665269057
1.154,-1.540495534849925,1.3034001078202764
1.155,-0.7483442166364496,1.6866878369081761
1.156,-5.129722623828401,2.8367057859631037
1.157,0.6808386192100415,-4.984055306048393
1.158,-4.407692870880165,-3.368804288474503
1.159,2.300252222963729,-0.9587119852637559
1.16,-3.264801494741654,-1.3238043057813673
1.161,-1.7608566872738827,-3.8936684502920786
1.162,-1.8686571342499692,3.0033318100426567
1.163,-0.03705065512330974,-3.199838899852216
1.164,-6.212256110265724,-4.052611485419575
1.165,0.8277857041750893,-1.0035364734479382
1.166,-4.147812442838347,-1.6816942568376214
1.167,-1.6033774877533264,1.6813820103952493
1.168,-3.2823610499245905,2.8213162950445776
1.169,-0.1981215646473492,0.3822720763171699
1.17,-0.9748404722802166,0.9860000669064648
1.171,-0.5831025823001255,-1.7937175842884738
1.172,-5.547054990034836,1.1182990449237007
1.173,-3.166711963628077,-3.296686774729339
1.174,1.5752376083302193,0.49960590520302345
1.175,0.8707598705111734,6.250223678521189
1.176,0.9516275501746738,3.9659278333394385
1.177,-2.85647197919597,-0.09465399887439357
1.178,1.967609982095457,-1.152531756504464
1.179,2.4674854409298157,-3.569644151341622
1.18,-3.1082382589204287,2.608458493529461
1.181,-0.9471616460230412,-2.0396409773502913
1.182,3.218418603344424,1.8696387932309335
1.183,-1.9376017693602337,-2.7686182643819928
1.184,0.21734613922603904,1.3973475021103436
1.185,2.4441025772217735,10.091610979111422
1.186,1.8539409899413368,3.7672306177295782
1.187,5.682005557310157,6.629164338989555
1.188,-1.2525639308500311,-0.8416108004194414
1.189,-1.3441138232166843,-2.331377878653364
1.19,3.6063990113288886,0.8043127901628244
1.191,6.687765587766001,5.616325077320348
1.192,-4.007757821631886,-3.361460913339281
1.193,-3.646988051603882,4.880063677463926
1.194,0.05695423031683933,0.8522539803069216
1.195,-4.343354990408312,4.492820233693267
1.196,6.940161024499928,1.9458546669083
1.197,-4.113796744276188,-1.6339419690406687
1.198,1.0411036240442084,4.099985708541131
1.199,-3.007000842834285,2.3056263007299593
1.2,-0.2602726401758563,-0.38880430818377343
1.201,-1.2235586999902441,-0.8803834276369829
1.202,-1.0588174804695192,-1.2330258971284578
1.203,1.985721582806937,-1.1255219492551205
1.204,-2.771886953717664,2.548685715704294
1.205,2.2306112255066894,6.049630835217097
1.206,-1.8633323263762818,-1.8574957657843798
1.207,0.21097064250580844,-2.3385915127390424
1.208,1.0216522617383714,0.07943612694157454
1.209,-3.387079273690429,-1.8251298105472977
1.21,-3.466399103308759,-4.841196190366716
1.211,-3.2702787848031054,-1.4221344319019964
1.212,-0.2986827104569944,0.6693498904014328
1.213,-0.5596571675378178,0.19930873663565574
1.214,-0.9601527248052737,2.927565469239781
1.215,-0.2770775374539953,-4.011408616104201
1.216,-1.5759528329411356,-1.3218691636580857
1.217,0.2643373171666645,-6.710760536096186
1.218,-4.393920038704324,-2.1949704879135683
1.219,3.046473584409276,-0.019244841758545905
1.22,2.5564930276501534,-0.5063015150725471
1.221,-5.048137073008949,5.366726058473362
1.222,1.6692776027301122,-2.559361325505706
1.223,0.6365012253232762,-0.46594676630776855
1.224,-0.20640254290689825,-1.942379201740617
1.225,3.180480027795616,-1.1270010199455711
1.226,0.45509979127872113,2.2921755894299842
1.227,-0.8230236814104666,-3.0559350880785985
1.228,-1.4664991453541143,-4.120949645689528
1.229,0.6055007065860715,0.21911534355376616
1.23,-6.131444520802037,-0.1667456783551546
1.231,-0.039426335214543584,-1.3599822521971856
1.232,1.8359629171655258,3.3827776056534393
1.233,1.3947132576692236,-2.828456578491352
1.234,-5.442797214544757,-0.14610016791171054
1.235,-1.579583632920063,3.5645160510506844
1.236,-2.0702958814368833,0.1837138222211895
1.237,-1.4362764597262978,2.059285375856543
1.238,-2.465969793123262,-1.0575150599044965
1.239,-0.9620519286742399,-0.5026856611100082
1.24,2.1036248668312587,0.6413110466905203
1.241,0.8076779483298029,3.8537314644376957
1.242,0.4601971423393921,-1.207109401321307
1.243,-0.14857449800042755,-1.1447988973041505
1.244,3.1155144452002297,-0.3393237782670394
1.245,-2.135109141538079,-0.7617415199052351
1.246,1.6668432709257734,2.3004406723163564
1.247,-1.1731535327358094,-2.99831793593381
1.248,0.5273552289032316,2.575217870150041
1.249,3.8679127893747354,0.6581225523987663
1.25,4.4097726717483505,1.409470703443939
1.2510000000000001,1.719446627582305,1.1670319599080825
1.252,1.3172847020157974,-4.6467480687966995
1.2530000000000001,1.2249521235593743,-0.4159347914893944
1.254,-0.6776927077570494,2.3572774378823875
1.2550000000000001,-2.549748764111211,-1.3376426220216895
1.256,-1.1445476859058705,3.6524967788834464
1.2570000000000001,1.1630620776266867,4.303110018724067
1.258,2.5689768088041562,-1.360134265002141
1.2590000000000001,-0.03478934183550081,-0.9391321213889798
1.26,-2.836395792508511,2.4898582497751196
1.2610000000000001,0.7251639544765345,0.7563399321623016
1.262,-0.4273054966943852,-3.4133209986797715
1.2630000000000001,2.6451234547877567,-0.7503027364342235
1.264,2.5721210418337352,3.162546782389079
1.2650000000000001,2.6428836975696828,-3.0656733753190504
1.266,1.759494811508384,1.2453695489376688
1.2670000000000001,-1.8984125403781686,5.87823870205225
1.268,1.3792069138031642,-0.8054690537062347
1.2690000000000001,0.01594857721653642,-0.6180876003842188
1.27,-0.8187460632915149,0.6779334170405391
1.2710000000000001,-3.5806779595203495,6.562812451144599
1.272,-1.452117524936997,-4.97431938181553
1.2730000000000001,-0.878295634564088,-4.05350145587687
1.274,1.5560303076390904,-2.725532235520115
1.2750000000000001,0.17577369841353296,-2.72415836068766
1.276,4.572557845120866,1.2724084063825916
1.2770000000000001,-5.491759620196924,-2.002255775063885
1.278,2.1812025119473897,-1.9545863745088201
1.2790000000000001,1.6739552262377382,-0.6090054995511711
1.28,1.200831781232444,1.1769377818606368
1.281,1.4413388626670434,-1.0299132183819106
1.282,-0.4423486940026072,2.1108799635519335
1.283,-3.3675279985945488,-1.3860506787401872
1.284,-0.8080084521193798,-1.657093305794173
1.285,0.26415622897021945,-1.6359696295077828
1.286,-3.4991024080447386,2.3566263888848704
1.287,-1.9380906842440646,0.7272812390979477
1.288,-3.8752202362936243,0.24180776543516275
1.289,1.9742878090024498,0.9255060912184567
1.29,-3.5273954827599865,-2.6347527806695723
1.291,-2.1857440373940697,3.8895359749229734
1.292,-1.090229881221777,1.0289185466147552
1.293,-1.7013945554143834,0.3438577671934354
1.294,-1.0747774122544698,-3.552304637259572
1.295,1.934640158037885,1.5935400172051362
1.296,-4.6511301265487175,-0.5431291782177436
1.297,1.948072894073912,-1.7647899495593111
1.298,2.3578647615056707,-0.9661333063543265
1.299,-2.8361048907545108,0.7455054433226658
1.3,-0.10679400002742051,1.371747094464088
1.301,-1.3290684296064166,0.6495462748121782
1.302,-2.07434877731882,1.5630181292007013
1.303,6.049042288327137,-0.9103632411078985
1.304,-1.7857255486387655,6.962325249235116
1.305,-2.3133506232625525,3.827628723350929
1.306,-1.3253759278326351,2.6971035556300165
1.307,-1.0811205864490454,-3.265242910167865
1.308,2.886708879970884,2.812518840599832
1.309,2.115513325798741,-0.5853345699389478
1.31,6.058221121496962,-1.909812296623348
1.311,0.3039907737411969,4.382332973937517
1.312,1.7216636780898422,-2.7304890336651804
1.313,1.3674080322557567,-1.0071843444571071
1.314,1.3132417251724224,2.8520304855710124
1.315,-0.13997553683576436,-0.5114590188798884
1.316,-2.607928460210223,0.9322354875355136
1.317,1.0433536290272998,1.3037409984225152
1.318,1.8101708597213857,-1.852291435885237
1.319,-2.72059955676704,-0.7831293114739555
1.32,-1.1145702570929874,1.2985964906175533
1.321,-1.8442768948438502,-2.4825903565689647
1.322,-0.7408480117759837,-1.6714646605501533
1.323,-2.9445531993854948,-0.1923475058243846
1.324,-1.8861273734441364,-5.567970605818031
1.325,0.9919066466663813,-2.887461215727764
1.326,-0.9281545735692847,-0.8747293570510225
1.327,1.2458244446667845,0.34347310001524073
1.328,-0.9818367914951893,1.4268562272723258
1.329,-1.7433925841316962,1.9537366721771658
1.33,1.786122846280849,0.7971665158346504
1.331,-2.3972701426599583,-0.07666558515830507
1.332,-5.898241193378821,0.9968139044719161
1.333,2.3928582445351343,0.8602096873366575
1.334,-1.9463457267795332,-1.2512920350573786
1.335,-4.598723259162013,2.059684602947743
1.336,-0.2995981013317203,1.3821758849235688
1.337,5.771054815901011,-3.2757838854785892
1.338,4.000161256249584,3.8970490618687172
1.339,-1.7076623175543406,2.5511648816401866
1.34,-1.6231463199923457,3.677286584134356
1.341,-8.688095886539314,-3.73990758056129
1.342,0.5985288685941256,-1.041041317169928
1.343,-0.8097715486241013,-1.6124524736540968
1.344,-2.33891915064063,1.5752643066162815
1.345,2.9360755959356704,-0.9667140468670116
1.346,-0.0770324615986766,0.10275150717751907
1.347,0.1934857654842479,0.05774833357262574
1.348,0.8972186941953632,-1.3035652505936448
1.349,2.143387038933393,-2.3394299074823377
1.35,2.768913078218935,4.003639999213853
1.351,0.8706777399523113,0.11499824116349688
1.352,1.8263167774951108,1.8467749348780902
1.353,-4.829946631517157,2.4522044602364317
1.354,3.191469428694603,0.4978579046859995
1.355,-0.15210517815303717,8.17564510458951
1.356,0.6577368365562479,5.100904149693772
1.357,-1.6656955830246034,0.9803571108720142
1.358,-0.649737726695428,5.0912364863056085
1.359,-1.2567139185337515,1.3737210632325363
1.36,-3.9573551762530146,5.393617876242052
1.361,-1.7215884611506833,1.063403326154708
1.362,-0.3197015072994287,-0.24801700324721493
1.363,0.05229328238361674,2.950177452549195
1.364,-4.28952173523958,-0.6345616407697833
1.365,0.9390889600204106,2.8282206991118715
1.366,-2.5010748328818755,4.726955705488899
1.367,-4.725125320573359,-0.49256394387806757
1.368,2.422107558272132,1.3213715585068813
1.369,2.0683163030368537,-3.8217395586499054
1.37,0.5884431018639801,5.291405235251307
1.371,2.5122406083993085,0.6696400921232671
1.372,1.7708518303151195,-1.3694336121287756
1.373,3.2733254375979235,0.42326697871999647
1.374,-0.6428030192529355,0.431408428676086
1.375,-3.966651917288635,-0.061443590055158925
1.3760000000000001,-3.4903978005659417,-1.6445123733303662
1.377,-1.011448207992053,-2.7565940441217043
1.3780000000000001,1.3211095405673405,-3.1222352759415446
1.379,0.901865752561946,1.2649078788346797
1.3800000000000001,-4.667777217097051,6.305549279555626
1.381,-2.122311855321613,4.785432391129617
1.3820000000000001,-1.2644337870894662,0.22192838495225303
1.383,-4.820729302070155,0.1621202021772818
1.3840000000000001,1.6806231035110575,-2.376926506936766
1.385,0.839209402095191,-3.837318433781999
1.3860000000000001,-3.98678803806428,0.825656120712476
1.387,-2.9947792196249328,2.784509494508796
1.3880000000000001,-0.17052448778529006,2.4442050300520157
1.389,-3.4917022485374845,-5.11845431098641
1.3900000000000001,-1.5857717938251776,4.7813412768248424
1.391,-0.29109733189094467,-3.8253506877432883
1.3920000000000001,2.1781266687418017,3.8699838367148875
1.393,0.7617894107657011,1.2123407133950235
1.3940000000000001,0.22867657286814846,-3.879196088495626
1.395,3.0973426137900986,-7.413769345821852
1.3960000000000001,3.5377370310182044,-0.510105284432228
1.397,-2.8786736753017355,1.0101223211183161
1.3980000000000001,0.3921932086062888,0.29698575159591295
1.399,-2.093235839563937,-5.635163108733225
1.4000000000000001,-1.8231216481759551,3.003211907566538
1.401,-0.9069781638127747,-1.914160597857761
1.4020000000000001,2.1235740858101915,-1.0078613449932086
1.403,0.8524523531780193,0.4901689092849322
1.4040000000000001,-1.6100622624978411,-4.29391829987909
1.405,-3.5513191509470343,-3.417414038597651
1.4060000000000001,0.8585697046097466,3.3416258192949835
1.407,-2.0044530034831367,-1.6341814464178108
1.408,-1.7882368418157593,4.058511667185013
1.409,-2.305336128910706,-5.204352771411716
1.41,-2.4433242082185473,1.5636507374820097
1.411,-1.4742672439681082,-0.5490716677717306
1.412,2.425001022741265,1.6822887464210161
1.413,0.17522125156223825,1.8167715125568686
1.414,-0.6491611103832217,2.333449329960827
1.415,3.3002237274300974,-0.4036083450389468
1.416,1.2061034467716285,-2.819875768899361
1.417,-0.8001884790783671,1.7568033699576737
1.418,0.8184058886735457,1.5658180860318869
1.419,0.8374312500502936,2.6032637344799023
1.42,0.7172614263574633,0.7950806821521655
1.421,-1.2850492607787278,0.18584483254850212
1.422,-0.8743975811153887,4.003989794063052
1.423,0.6054631110399428,-2.005465163625579
1.424,-1.1156768782007758,-2.356280492835643
1.425,0.8151126551936694,-4.586785556523046
1.426,0.676974354214303,0.17119468971096571
1.427,1.5043916900758276,3.5699383736822012
1.428,1.7961535138727607,0.017339962936004802
1.429,0.5400136543327498,3.6200563631799207
1.43,3.090532300906274,0.6253862453235931
1.431,-5.878356807359584,-1.5550355778250784
1.432,4.401556392006674,0.4172152230249304
1.433,1.9037027564689764,-1.1885383989740221
1.434,4.9790573702295,-0.6606306299613623
1.435,5.5512510512983235,-0.2553836942684451
1.436,-2.311586739008215,1.4823008114739222
1.437,-0.534457858756155,0.9972300754370751
1.438,4.316576280984416,1.4843485954391917
1.439,2.163450590068353,-0.4547343950351516
1.44,-2.20465444428796,-0.8501752829789212
1.441,-0.024849835583309873,-3.351936684543131
1.442,1.1433495488881251,-0.05165409319080839
1.443,2.672860151036436,-2.0837908946588093
1.444,1.1738735285030892,-0.12244394718044327
1.445,-5.797293835538761,-1.6999431460411916
1.446,5.439979066924898,-4.443937070379747
1.447,3.2462603027585404,1.2374965440924282
1.448,-0.14294375948871013,-1.5668411141678684
1.449,3.828867604110038,-3.9571268165647298
1.45,-2.0937726151754252,0.9589913654345592
1.451,-5.463421003490592,1.9093556792070836
1.452,-0.32667440403794795,0.9854251221870726
1.453,2.9959079938200186,-0.13329982524691286
1.454,1.321746342528217,0.3470871613232653
1.455,0.31981669205277197,1.7368676787729196
1.456,-1.87233474649396,1.409395532421972
1.457,-1.1524010157561175,-2.9638530808619015
1.458,1.1572693981524247,-3.024664097556982
1.459,4.176339484356189,2.734059844597392
1.46,-3.600912740116342,-3.3299101441674535
1.461,1.332293649069884,-2.9322062031923433
1.462,-1.09292997603427,-5.855977042964838
1.463,2.0388549740725677,2.4343465669045017
1.464,0.6016805269149526,0.4836730213592775
1.465,1.7580012702695207,0.9040080085354233
1.466,0.33202710952954567,7.479143990925234
1.467,-1.1412830110877081,-5.839157248189237
1.468,1.0703395379078129,-0.05039927053674421
1.469,0.767260546915581,-0.021472361380975913
1.47,-1.4659671080980743,1.053056613467436
1.471,-2.1160908506175797,5.418552250045029
1.472,-1.2799940698702543,-1.1964105012658877
1.473,-0.43435735103508916,-0.6144267275285343
1.474,-1.3244633142261797,-1.2978352575983698
1.475,2.528069042237063,4.523673596760873
1.476,1.307083606792573,-4.037811846944859
1.477,3.980342177527851,-3.0948394997186424
1.478,2.101307657022906,1.1719156040380927
1.479,0.018267338654832436,-0.23514550751942165
1.48,3.500779496154503,-2.145333219238396
1.481,-1.0752090052607846,-0.10671292931083179
1.482,-1.6723567357683673,1.3611920473125638
1.483,3.2437627723982567,-2.2926747766668787
1.484,3.3868589144664165,1.5379587457602388
1.485,-4.796183122515518,-5.177897553330984
1.486,5.104159225468576,-6.177989181885729
1.487,-2.8441405379767377,-1.7298755354187034
1.488,-1.2031682246153643,1.838969405207505
1.489,-0.741441017190909,-4.6726993131954275
1.49,0.01699129163297157,3.417471078936856
1.491,-2.172434906849771,6.695870192827615
1.492,-1.8182123096726246,-2.2092244032201327
1.493,3.4240674182557385,-1.3878994789611299
1.494,-2.8619071062580903,2.3706133710378543
1.495,-2.1169985982047983,-0.1558461294018876
1.496,-1.1567669410408508,0.7883014650171916
1.497,2.032710689265472,3.732387624361955
1.498,2.082850360208172,-1.6950583072386178
1.499,4.982132649826702,1.3748320846079132
1.5,1.9326578112747241,3.450913812502383
1.5010000000000001,1.7997971597530664,2.099329167965042
1.502,-0.9247771771199239,-1.6429388225475088
1.5030000000000001,-1.2748410499959588,0.8504281516997911
1.504,2.857830544933656,0.9615064246329678
1.5050000000000001,-1.4989996907832972,-1.4537519478424268
1.506,3.0600996285430044,1.60653692277548
1.5070000000000001,-0.7287687465817264,-0.5724019533323541
1.508,-8.5054300924473,-0.7512793957398335
1.5090000000000001,-0.8053585306027249,-2.5227343498565156
1.51,-6.1573761402991,3.3504880764002354
1.5110000000000001,3.8723091251073054,-2.2986340860060666
1.512,-1.8117900329590395,-1.6259331730954771
1.5130000000000001,-0.48882060959513995,-1.8691209268965814
1.514,-0.4569155624465534,-0.4165215408238168
1.5150000000000001,5.511729063954614,-2.367988363032949
1.516,-1.0201842266945216,2.779906938391932
1.5170000000000001,-1.1902013320408014,-4.767011320151839
1.518,0.6534076409287114,-0.7371114329831594
1.5190000000000001,-0.6540366942306016,-0.34871627607406147
1.52,0.1630873073885798,-0.80296224326547
1.5210000000000001,2.3811376270221563,2.4779249900098685
1.522,-0.5902042188371366,-0.7799689834213908
1.5230000000000001,2.535316743686052,3.3693960670843404
1.524,-3.120439641385398,-1.4882307413520608
1.5250000000000001,-2.513516985499193,0.3104444525701334
1.526,-0.04915266999018151,-0.8566014092100583
1.5270000000000001,-5.776942342168674,0.9966411564094351
1.528,-0.28460224248098454,0.2916929566471861
1.5290000000000001,2.736609236776858,-3.4394024886200314
1.53,1.1982304284535554,-3.544730479169022
1.5310000000000001,-3.8265747834407655,-2.3050667386950305
1.532,0.2158605684727921,0.7746252362492834
1.5330000000000001,0.32962340279520197,4.2649092462338345
1.534,0.9745351469024288,-1.240515841601848
1.5350000000000001,-1.3838431957721415,4.19280185964098
1.536,-1.956264485915373,-1.975556636066196
1.537,1.7315998810575863,-0.9081438498954975
1.538,0.6561524242586885,1.8626586480737424
1.539,-2.918245851825101,0.5052065469578607
1.54,1.3682703036464752,2.7842687485282074
1.541,-1.4216499626548524,-2.6959449409505294
1.542,-0.9542669497336833,-2.5217628094604994
1.543,0.6389501788630447,-2.143557579470055
1.544,4.102571981480478,-1.290910414928462
1.545,0.5829584536672942,-2.4744407512023217
1.546,-1.6253685885864653,-1.8066939690595731
1.547,0.04178003493628254,0.2755126250988575
1.548,-2.792851230702158,-1.3616599674535625
1.549,0.871361983638359,-2.0690521243711446
1.55,-0.4211838729117412,2.232245355378966
1.551,0.7691795708425937,1.4121603905850901
1.552,0.27330305807096944,-0.45939288607647877
1.553,0.37225531854393834,-0.5651468590251801
1.554,-1.701684143080124,-0.2818316770605283
1.555,-1.4278716433750613,-2.813609110746282
1.556,2.0764468281454183,0.0424113813441775
1.557,4.310766432027742,0.1839929074402445
1.558,-0.7722469746419174,-2.7486001791670467
1.559,-2.0565092039508786,-2.809013490149898
1.56,-0.13306531211239744,3.9714772434652152
1.561,0.8053125326238408,-2.5526033301163604
1.562,2.82377979660371,-2.446582581110119
1.563,2.3427276923457367,2.7248885500459448
1.564,3.554932646590433,-0.9904281337356063
1.565,0.8913715551130516,-1.2909065495509877
1.566,1.8168021686770215,-4.099437561465203
1.567,-0.46474468031930727,-2.1762056750658294
1.568,-3.759449081190174,-2.376762176527365
1.569,-2.6927649238400275,-2.082148065920228
1.57,5.29722017542875,0.648145184358348
1.571,0.21241675423830422,-2.4239064776240595
1.572,-1.339609846988285,3.2180194747300686
1.573,2.950818022644422,-0.0359629647818111
1.574,-3.0180201395632067,-1.2322097764667768
1.575,-1.880176125700394,-5.732687441046413
1.576,3.205608959679574,1.974953825261457
1.577,-0.5571916574631489,-3.9825430419506556
1.578,3.505463459368232,0.9867657126978239
1.579,-0.7618800594706268,-3.039201538944605
1.58,-3.371865677928462,-3.043173999665363
1.581,1.913557121604999,0.13394882393460897
1.582,-0.109993950092403,0.041738273069531116
1.583,1.9506994231078396,3.005365029964366
1.584,-0.36674718223263314,-0.47791052487635105
1.585,0.7051256813138131,4.4910197838992865
1.586,0.12305624245890807,-1.4356797294540933
1.587,0.061283507913304426,-1.0373153497910983
1.588,-0.5507507700461759,3.4936331237214535
1.589,-2.5437976601498478,-0.27498425596714826
1.59,-1.6540469299615694,-1.7329820632877855
1.591,0.2513484640935625,4.072708558293393
1.592,1.3073060142122266,-0.05002855469526005
1.593,0.02729141842618149,-3.5844249028257757
1.594,0.08459495766337428,-1.7160924390685792
1.595,-1.3630351569776817,4.903701531895825
1.596,2.6792394988064534,1.2547721871420587
1.597,-2.415232221586157,2.099845097806757
1.598,3.4566681588097876,-2.4267698562205977
1.599,-2.0332080798156706,-1.2748436055999006
1.6,-0.6143271407763526,0.15532676331747833
1.601,-1.8507106138013603,1.00777002159292
1.602,-2.853460938269896,-0.2308427478452516
1.603,1.5953433752647068,0.38817736081794213
1.604,0.2567597961708165,0.8790555909614401
1.605,0.3427857753589514,3.7447494772535683
1.606,0.9031814410891152,2.3451243801977055
1.607,0.7275303634078066,2.83999865743754
1.608,2.932088163600191,-0.3255961723879054
1.609,-3.77638150934956,0.45711115100382743
1.61,4.533968261013098,-1.5248685410756884
1.611,-2.0108711906901506,-0.4272517483353082
1.612,-1.8917287118519452,2.010853794422821
1.613,0.4257731400507718,-1.9640714744374352
1.614,0.35051535367730613,-1.6918823456250638
1.615,3.4386101538777214,1.9262159006444708
1.616,1.7290103037120195,-0.40661371570484206
1.617,-3.19778771762306,3.0632104956261674
1.618,2.7497906681915047,0.13881057237640795
1.619,0.5372040622000972,1.3842922754010851
1.62,-2.0725274314019884,0.6748863898553742
1.621,0.6855047395783698,-1.9764328885842835
1.622,-0.8162017967318936,3.7942215069106924
1.623,0.924394147401831,0.6855422451727234
1.624,0.05690667175320887,-4.2429608954783715
1.625,0.37449523314859673,1.6220381053114825
1.6260000000000001,-2.271481699258597,4.951217318722278
1.627,0.628889247032257,0.5280464384249651
1.6280000000000001,-3.7106565801436533,-4.678558483504755
1.629,3.2968586183512,-4.068278326845468
1.6300000000000001,-3.4693835777686517,-2.4940033682423604
1.631,2.206152126797827,-1.6265784111353294
1.6320000000000001,1.5474939218359156,-3.515044662435371
1.633,0.945030794158575,2.1767871936256102
1.6340000000000001,-1.2777937574745863,-0.722332068638445
1.635,-1.2399746441835917,1.0501413627853025
1.6360000000000001,-5.148603238281735,-1.4267343091745932
1.637,-1.744374503035194,-6.056755166172645
1.6380000000000001,-3.8523835909738984,-2.578105314561143
1.639,0.033923380718207614,1.551963881401581
1.6400000000000001,0.37541304226649164,-1.2477750055774592
1.641,-4.072275130242719,0.8166512476724079
1.6420000000000001,2.738478613149765,0.1001457667016958
1.643,0.6611797170206373,1.2716095170931077
1.6440000000000001,-0.78326778724873,-2.391995814470129
1.645,2.4560822120413928,2.5184622796775673
1.6460000000000001,0.46448847637938456,4.006655811548621
1.647,2.3658599775051083,1.0580520733472176
1.6480000000000001,3.579841321674265,0.06770161963471369
1.649,2.2149327661066582,2.5804711696205844
1.6500000000000001,-0.0662286543729688,-1.2963700088575867
1.651,-3.139435190250271,-0.5062944896409147
1.6520000000000001,-1.08865525707823,-0.9301919360038469
1.653,0.4269543331803664,1.162644052834748
1.6540000000000001,2.8029945245202907,1.8578809631970767
1.655,-2.026294396557554,-0.8339278017153795
1.6560000000000001,-1.1796998864810346,0.8120930592411045
1.657,2.501118383209746,1.3569993948868972
1.6580000000000001,-7.406421124096999,1.5177988424516142
1.659,-2.392085027178386,1.1397657872014633
1.6600000000000001,1.3377892143990064,-0.3649109382078941
1.661,0.026633506597904057,-0.7362225258118811
1.6620000000000001,1.064553554352788,2.1946214030182656
1.663,0.9172185292334796,1.39535628077751
1.6640000000000001,0.4615278094338359,-3.0186520546685767
1.665,-0.6306661076194882,3.0154128427190607
1.666,-0.7667655012619795,-0.09302186275686747
1.667,1.9469506564442238,-0.5166443030413478
1.668,-2.7350900442922437,-4.751457593166158
1.669,-1.5633079662519973,-1.731989383827031
1.67,1.7891359292953486,3.2470508647874645
1.671,-5.206103169514755,-2.7240814020247472
1.672,1.462121065783838,-2.0199083696439115
1.673,-0.7690213532198672,-0.49207289289665485
1.674,-1.5183966921001675,-1.5081402773481316
1.675,-3.6426887906795864,-1.8950779732639156
1.676,-0.4898055061364629,-0.3833628670551409
1.677,1.2592805186150213,-3.0275314875516757
1.678,-1.5086892455108372,-0.39938184080645966
1.679,-1.5489342429768747,-0.26516350437619285
1.68,-4.176292574062293,-1.0094664308753674
1.681,1.2520254800644437,-1.1012073785093244
1.682,1.8405958954973274,4.596987890425491
1.683,-2.8157081734614557,4.068600580759613
1.684,3.6995601417875776,6.362243590789575
1.685,0.18285899441661604,1.0330800588783227
1.686,0.0963624058490178,2.2471382560849205
1.687,2.3521248546370086,-0.1008644931380132
1.688,-1.941343384092713,0.16194845247171202
1.689,-2.994893647122975,-1.744842159495109
1.69,-0.3501262061068929,1.9334082076508097
1.691,-0.8068675679510241,-0.9312006914688953
1.692,1.3859065313501164,0.5224218714911173
1.693,2.10700105893257,1.7944815521027637
1.694,-0.7796929177197929,-2.608897685179971
1.695,-1.3057381254057667,2.2366106672971684
1.696,3.3196528020088065,3.065774332014843
1.697,-2.1289698263997834,-5.799914753482108
1.698,2.141240423608833,1.8996402118532232
1.699,-0.6403441485137723,8.967813096268815
1.7,-2.5658740732407628,0.6527915815472703
1.701,3.5043043716920446,-0.8321738867698942
1.702,-0.7293666324209459,-1.5779734008000195
1.703,-0.26857293610350746,1.5914294569342982
1.704,-0.6416853034100942,2.618471531696059
1.705,-0.49889300333136116,4.636031922675012
1.706,3.0765505891739484,1.1133777074096987
1.707,-2.5924945740537604,0.945680429852475
1.708,3.739519325428494,2.1344386781642575
1.709,2.1141887586985506,0.06831496207051775
1.71,2.7279785305625217,3.8380788518107107
1.711,-3.412304111985432,1.2155368169634162
1.712,-1.0606538621845372,-2.5198172061263735
1.713,3.309897132738467,-2.0765483337213664
1.714,1.8647635025252787,-1.0625965199964151
1.715,0.31082572283927046,-2.273680930363506
1.716,3.243624771585446,-1.9487591373654802
1.717,-1.9192539206050292,-0.553677588384721
1.718,2.984175764116628,2.919306681408518
1.719,-1.0171025725270437,0.6285855333708362
1.72,-2.7872752306080093,3.442742206325691
1.721,-1.5465842440458228,4.100020920245439
1.722,-1.3691443635576306,0.6347011182722088
1.723,-4.342017999812767,-1.1045913902043334
1.724,-0.817051382800102,-1.9299014730435708
1.725,0.7266711885941994,-0.37446313721479796
1.726,1.396709668833705,2.324706776136199
1.727,0.21160544423387417,-2.204463439016566
1.728,-1.7835932294563852,1.3392203186737537
1.729,-1.6340075452304896,1.674085750576545
1.73,-3.0508610230463695,-2.6706697890111943
1.731,2.0523644814473703,-5.805240914591639
1.732,-2.5538228484914747,-2.076381570979068
1.733,-2.0000892222298923,2.1428947790402306
1.734,2.361700947221661,1.263857685449147
1.735,-1.5751181500045386,-0.46723617170615217
1.736,-3.124169689367542,0.5475815520574778
1.737,1.9158547756042084,2.9772771874132165
1.738,0.49970596796753897,-0.45018362232026876
1.739,6.264600385787101,-1.8821151098537203
1.74,2.6531460045235593,1.4296924916248037
1.741,-0.8105284392501452,1.8835675275023345
1.742,-3.931701863252031,-0.5771321332731189
1.743,0.8043917659710315,1.8027474354464885
1.744,3.114755996093149,3.4655137679826846
1.745,3.828900071655403,0.5458461168059479
1.746,2.883244333517351,0.06506762080979532
1.747,0.17438866727928695,0.46655106793638307
1.748,1.2396440334239216,-0.09344027272164837
1.749,-0.3669945622308878,-0.15051362685212089
1.75,0.10981127730867397,4.110150223981968
1.7510000000000001,-0.2726484913011856,0.20514156724508179
1.752,0.8181598665277492,-1.346824655897281
1.7530000000000001,0.6176027656886114,-4.011551801627691
1.754,-2.6531818107128493,0.6621841755838379
1.7550000000000001,0.016576248853328528,-0.8545736448408427
1.756,0.9127599478200813,2.702468469885512
1.7570000000000001,-2.3975275564784986,1.6047967984037521
1.758,1.8002307525466892,0.5408236973502294
1.7590000000000001,2.004530357572899,-0.9950553236759283
1.76,-1.9167470911622295,-1.0252911380666747
1.7610000000000001,-1.1619704450994608,-4.901155132083772
1.762,-5.112413326367081,4.194988345410817
1.7630000000000001,4.131364099007882,4.2940265622750395
1.764,-0.006013196832264922,3.180535830312237
1.7650000000000001,-2.1973515520928215,-3.534602553544985
1.766,1.255334068509398,-6.2737178843927985
1.7670000000000001,-0.5756840514169669,0.7875241686867108
1.768,-0.8375667883657268,-1.8491619151767251
1.7690000000000001,-3.8788778864610642,-2.179219850465264
1.77,-1.5565215054928856,-2.6194555267842907
1.7710000000000001,0.5695113058368565,0.20922990491989865
1.772,-2.246750778802905,4.562731832749645
1.7730000000000001,-0.7118493094305034,3.843039557492586
1.774,1.168180258319244,-1.1673210901421758
1.7750000000000001,-2.532943988090431,3.650593001347183
1.776,3.5124435040623023,-0.7096601200533932
1.7770000000000001,-4.178709252233995,-3.1522210318713193
1.778,1.1585154169467295,-2.828291166300305
1.7790000000000001,-0.9161960037624157,-6.4015688128369845
1.78,3.405745212069211,-1.5277502466787174
1.7810000000000001,1.1710293227744886,-3.8803259244583064
1.782,2.5371395336465064,1.1874451279567328
1.7830000000000001,1.232942989360566,-1.721845882743752
1.784,1.241111291371095,4.308218990944212
1.7850000000000001,3.8583203042857566,4.372080522474681
1.786,-0.9773664202122321,1.1997332691194786
1.7870000000000001,2.0961635084034547,-1.5142536062938943
1.788,-2.6684212989195317,2.2400978908244706
1.7890000000000001,0.8709381718594482,-0.9263214556845013
1.79,1.5374472089742512,5.514441538134639
1.7910000000000001,7.007250425044227,1.4910864918092446
1.792,-0.1504165012503809,-0.7950450926966942
1.793,-3.0702122465234236,-1.1022940258144311
1.794,-1.1156760844508815,0.7189931024738998
1.795,-0.677089807937098,1.0131679791878498
1.796,-0.15391317677456048,2.184338997767959
1.797,2.631231138466211,-1.5617275814724965
1.798,-1.6677785051777723,-3.9077022956337526
1.799,-3.965608998069964,1.6269970404559164
1.8,-3.3618893593200614,4.112321818419079
1.801,2.705611319358807,2.5763308033606087
1.802,1.410401602239748,-0.19165197381521196
1.803,0.1929680026006404,-4.628705551920057
1.804,-0.2439223878992894,-0.5752712121508128
1.805,0.4063078813356229,0.28518830421550945
1.806,-2.7507918944495513,-2.4053629839658806
1.807,2.4499991471506015,2.2335895739117224
1.808,-0.02742036424526684,5.6642369009488025
1.809,1.925426797942204,1.6674694029564703
1.81,-0.2644119389735665,-0.25914283456126386
1.811,1.6890854249510254,0.6988142606335063
1.812,1.6327921787881914,-2.0603581835887055
1.813,-0.7411312771319258,1.6501982950077412
1.814,1.79130781828429,0.592831642649893
1.815,2.3101022424062836,-3.8606036668605226
1.816,0.7693901471051867,-1.784835630668848
1.817,2.3899053790821863,-1.4591853897906506
1.818,0.8719034397993938,0.8597115493930838
1.819,-1.1212018353841091,-2.254464571792341
1.82,6.2370156509146275,2.9129067402673248
1.821,-3.0606983146053564,1.3352105825177882
1.822,-6.754566631850204,-2.187222859891546
1.823,-4.711622291139889,-1.9242972020158458
1.824,2.937694653080227,0.03057922304827449
1.825,1.997794145263314,1.7197870013173657
1.826,-0.45963627112460037,0.8652246420006254
1.827,3.4738186813671286,-0.5337450827948564
1.828,0.1056962426842594,3.033228939840328
1.829,6.750551258609944,2.6614386463693482
1.83,1.575776395885768,1.3395463764565307
1.831,-4.829631596185706,-0.927550440563886
1.832,2.2256450871719418,2.3947382051042587
1.833,1.182979142305094,-2.5263419246135177
1.834,-1.1085758095446312,-0.7034630361011496
1.835,1.9409815575265243,-3.386493876620748
1.836,0.4077073203628289,2.429377835928389
1.837,1.0371316086534856,0.5221820024594799
1.838,-5.212780054504457,-2.2306140852736793
1.839,2.469359121366868,3.635870516353183
1.84,2.5203298982818625,2.1043844567859455
1.841,-0.2817204429365853,-4.9293955570885375
1.842,1.2904242846906573,5.4459475529176355
1.843,0.7137759001128494,-0.2995293295705651
1.844,1.305455595950503,0.6058634941206177
1.845,-2.336466632776188,-0.5448179428882379
1.846,-0.5330837825944036,-1.7008412270471678
1.847,1.2559305006383814,5.593055809298634
1.848,-3.7136488236887732,-1.6223070320624462
1.849,1.3526927182963422,-0.017515002252187842
1.85,-0.7201197391096447,1.7438646807036664
1.851,1.4721248634003596,-1.1694811787115784
1.852,-0.8841343398366593,0.6896897911955319
1.853,3.0911086557362193,0.18182148955753094
1.854,1.9853416142640563,-2.705210827752216
1.855,-3.165639468389241,-1.407170364100828
1.856,5.195697915988758,3.84446339870327
1.857,-1.92064219828973,-1.317264612103425
1.858,-0.05376954422784453,0.7856198714407464
1.859,2.1390925212544314,2.4501477717234708
1.86,3.4681064247281657,2.792214288614205
1.861,0.872986618474358,0.0336901257729413
1.862,0.33296928299905965,1.8719242935555582
1.863,-1.3351858187688004,-0.9286696385425367
1.864,1.3874574857443738,1.563807941780142
1.865,-1.7499878182342372,1.3241921784101889
1.866,-2.215205074619625,-1.0029695235759601
1.867,-0.11659219639340304,-1.9740054109815828
1.868,-2.304704903996778,0.5682592953747112
1.869,1.8651869789430513,3.9815926062260254
1.87,-1.065095372440646,-0.9673978565697602
1.871,4.331926849417083,-0.233154909074008
1.872,-0.13950087228792143,-3.0593049557213754
1.873,-2.6136904213117025,0.9339465598918495
1.874,-0.9946438723878072,1.657187414647315
1.875,-2.2497673078245883,4.182448954786465
1.8760000000000001,1.0124750719534292,-0.7910491889870375
1.877,-1.0513175074543386,1.2024434504790773
1.8780000000000001,0.27021239638022426,-5.265603376419961
1.879,-0.2963397743647055,-0.3099108096396869
1.8800000000000001,-2.1582680777958942,0.8118909695634433
1.881,-3.7975805189281853,-1.1423046761917226
1.8820000000000001,-2.5659137836310513,-3.2049325840977643
1.883,-1.8400775281712203,-3.10218734402353
1.8840000000000001,-1.4614841904826885,0.8038825518440953
1.885,-0.5764032319913226,-2.1000771151715756
1.8860000000000001,-2.1823742554872787,-3.8720618584976148
1.887,-3.4424294368261084,-0.03681110313380451
1.8880000000000001,2.733696506315538,1.691599006003182
1.889,-1.0730084149008436,1.825233902155252
1.8900000000000001,2.4622743140272254,-3.396048370164398
1.891,0.5318855606788406,-1.5789153723183629
1.8920000000000001,1.5554090385599804,-1.416249592751747
1.893,1.632092917509834,3.006900533122742
1.8940000000000001,0.10147168304526262,-4.662334297184145
1.895,0.5907583460994081,1.730232791993801
1.8960000000000001,-4.098030229053684,1.6299826269645497
1.897,1.4353879629524877,1.0005149909400521
1.8980000000000001,-4.7283409595681904,3.2242278068579826
1.899,1.0093372541831886,-1.3660814357888407
1.9000000000000001,-3.049339497654375,0.19906748810717112
1.901,1.7679492219932345,-2.434253246611662
1.9020000000000001,-0.8006457338657643,0.07662176424940413
1.903,1.7376916128396551,1.2888420924346833
1.9040000000000001,-6.091533442512156,0.7607971925031073
1.905,-0.20882977836201488,-5.603653863683103
1.9060000000000001,-5.527108797099248,-2.5336901765465587
1.907,-0.8167380472799096,1.087929197036566
1.9080000000000001,-2.668106099476881,-2.576419515803553
1.909,0.4219516082312244,0.12086147222014643
1.9100000000000001,2.1608743846601937,2.316409025218583
1.911,0.9216784965245565,1.688570234828439
1.9120000000000001,-2.7121021299072194,0.6621101411494497
1.913,0.8552361908196393,3.9410685918961885
1.9140000000000001,2.436001772644362,0.4180184602906733
1.915,1.6344877258547377,-1.7337477160353523
1.9160000000000001,-0.7665121494015065,0.16602362731888434
1.917,1.0983397964791215,-1.025566421475743
1.9180000000000001,-1.3614638356767301,3.2655380736053266
1.919,-0.8210069553657212,-1.20095126810548
1.92,0.8094144550463801,-1.863836158338101
1.921,-0.4630554884421849,2.2042469726467133
1.922,1.9348440370479305,-1.184243520246213
1.923,-1.8814440474709133,0.11314620439667286
1.924,-2.9976139250993366,1.4354955930649447
1.925,-1.048015424332604,-0.8088955716272198
1.926,-2.0033059403710154,2.0987005540801844
1.927,-5.0223778755116815,-7.608922101889551
1.928,-3.3845242189037106,3.609632363030052
1.929,1.8074301860278665,0.37427076486065924
1.93,-1.0754538361149932,-0.06521576911140806
1.931,-1.6982738017584331,-0.17971540064601066
1.932,2.088931523679999,-1.0346884354768306
1.933,1.1286981234260136,0.8875470062634504
1.934,0.45749193989796766,0.9522368759369961
1.935,2.756687671012194,-5.424347421765365
1.936,-2.5871782724665855,3.0208516387200577
1.937,-1.4823571352787255,-5.6793279034853885
1.938,-1.5088196081561716,-1.9142612912387902
1.939,0.14729915522458434,-3.4988381268291335
1.94,1.1387122710795983,0.45379037412681866
1.941,-0.5649975772076476,-4.86144759526632
1.942,0.21455103327339328,1.4960952295767773
1.943,-1.9395337658519063,-0.18636248761409646
1.944,-1.5665346566559113,-3.440683002639768
1.945,1.119877650003022,0.025851116486215794
1.946,1.5127933985611637,0.12464276680765626
1.947,1.907702560465023,-1.7100005994851666
1.948,1.6559940001676547,-1.8795169302599204
1.949,2.9062353622924157,1.4942110535224218
1.95,2.606498056604953,-1.5992512266167354
1.951,4.075980546369123,1.7756276312204906
1.952,-3.9511224914983303,-3.3321660555480035
1.953,3.466132191780146,-0.6047414075931943
1.954,2.393604716575849,5.764172946632354
1.955,-4.64003716210884,2.371173114811952
1.956,-0.2603315489444819,-4.5978045738490385
1.957,2.0192078611851088,3.2960523410404403
1.958,3.4880829749902746,-1.7676516836855956
1.959,1.1751621913596757,-1.2310414590177237
1.96,-2.22984602654661,3.1235727650461937
1.961,-1.6340225825832666,-4.00111650177286
1.962,-4.305183750370303,2.9480443043192897
1.963,2.9328283771842205,0.9364606818360494
1.964,-3.535104262962645,0.7604528798561128
1.965,1.5420594154399674,0.10018761162295589
1.966,-1.5017486110825256,-2.795372415796991
1.967,2.111692357392658,-6.151508083017959
1.968,-0.4977407282771183,-1.068697201925753
1.969,-0.05125508774712996,-4.84689928733639
1.97,3.191120081364513,-2.7651014563007528
1.971,-5.09095703122762,-0.4219222911966704
1.972,-3.393886195576755,2.7013461000975556
1.973,-5.261702345837703,-2.9388377552700855
1.974,-1.2845409334150872,0.2894672382191023
1.975,-0.22583066816195185,-2.4248579666611767
1.976,0.6067229047965405,4.080705263469097
1.977,0.47048808868433295,1.7560941255323206
1.978,1.4888848521089293,-1.6934449973091805
1.979,-1.7879846362461307,-0.6597244133819481
1.98,-0.6937457240646326,0.8158856104832941
1.981,0.3427914931957458,-0.2836958801084544
1.982,-0.5555101809480072,6.370800543125101
1.983,-1.0784045794913166,0.29888513323411053
1.984,3.1643339304652915,-0.1651003136130339
1.985,-1.1755850002061743,-3.0247064358498443
1.986,-1.5400570741889865,-2.427831727702545
1.987,-1.6407447552027392,-4.136120524563691
1.988,-4.54587255906075,2.4824125947034776
1.989,1.9273582123839978,1.3747654836951002
1.99,-0.4662179588425454,2.7757952399061585
1.991,-3.6252251160657982,1.4223483123190963
1.992,-2.9392766980250697,-1.6440163635260034
1.993,3.944443279736024,-1.8763027782943373
1.994,-0.014902075316838776,2.138881004469539
1.995,2.0943453775685237,2.071055053931961
1.996,-1.1566476523317266,-1.1905742294626858
1.997,4.210577027510925,2.1844382448046846
1.998,-2.688387472056831,-0.7533497869132799
1.999,-2.3773155050733727,-1.0938263291755095
